userid	relevant_before	taskid	estimation	perceived_ratio	perceived_ratio_bin
U0	True	2	SEG	-0.339597509868	0
U0	True	2	RAN	-0.114010463141	1
U0	True	2	REL	-0.292702251884	0
U0	True	2	SEG	-0.191266500004	1
U0	True	2	RAN	0.0206529079938	2
U0	True	2	REL	-0.314607941441	0
U0	True	2	SEG	-0.203624475419	1
U0	True	2	RAN	-0.0159655060304	2
U0	True	2	REL	-0.0303542434825	1
U0	True	2	SEG	-0.0552934655555	1
U0	True	2	RAN	0.118697865105	2
U0	True	2	REL	-0.0522599330391	1
U0	False	3	SEG	0.0912705532304	2
U0	False	3	RAN	-0.0325989284824	1
U0	False	3	REL	-0.135546897735	1
U0	False	3	SEG	0.0911681968399	2
U0	False	3	RAN	-0.0773992532378	1
U0	False	3	REL	-0.106346829273	1
U0	False	3	SEG	-0.105574868471	1
U0	False	3	RAN	-0.15757434987	1
U0	False	3	REL	-0.276134084595	0
U0	False	4	SEG	-0.070554431218	1
U0	False	4	RAN	-0.0312029050617	1
U0	False	4	REL	-0.147419769685	1
U0	False	4	SEG	-0.0904942551706	1
U0	False	4	RAN	0.0172672220248	2
U0	False	4	REL	-0.139184954791	1
U0	True	4	SEG	-0.159611839308	1
U0	True	4	RAN	-0.153170047241	1
U0	True	4	REL	-0.160187619899	1
U0	False	4	SEG	-0.179551663261	1
U0	False	4	RAN	-0.104699920154	1
U0	False	4	REL	-0.151952805005	1
U0	False	5	SEG	-0.015108552782	2
U0	False	5	RAN	0.165194839856	2
U0	False	5	REL	0.107670995718	2
U0	False	5	SEG	-0.0436734703964	1
U0	False	5	RAN	0.11384989391	2
U0	False	5	REL	-0.115524207155	1
U0	True	5	SEG	-0.0977408173623	1
U0	True	5	RAN	-0.035220460381	1
U0	True	5	REL	-0.00177252631342	2
U0	True	5	SEG	-0.126305734977	1
U0	True	5	RAN	-0.0865654063271	1
U0	True	5	REL	-0.224967729186	1
U1	False	2	SEG	0.575689101911	4
U1	False	2	RAN	1.29375401043	4
U1	False	2	REL	0.291520848759	3
U1	False	2	SEG	0.369460506236	3
U1	False	2	RAN	0.926644189203	4
U1	False	2	REL	0.513879778613	4
U1	True	2	SEG	0.134449847062	2
U1	True	2	RAN	0.523685196828	4
U1	True	2	REL	-0.21766408555	1
U1	True	2	SEG	-0.0717787486136	1
U1	True	2	RAN	0.156575375597	2
U1	True	2	REL	0.00469484430421	2
U1	False	3	SEG	0.0821589969017	2
U1	False	3	RAN	0.149918132739	2
U1	False	3	REL	-0.240042788833	1
U1	False	3	SEG	0.237452046624	3
U1	False	3	RAN	0.181947375312	3
U1	False	3	REL	0.181947375312	3
U1	False	3	SEG	-0.312210522793	0
U1	False	3	RAN	-0.17510130882	1
U1	False	3	REL	-0.233208939628	1
U1	False	3	SEG	-0.15691747307	1
U1	False	3	RAN	-0.143072066248	1
U1	False	3	REL	0.188781224517	3
U1	True	4	SEG	-0.393473301278	0
U1	True	4	RAN	0.000847242277233	2
U1	True	4	REL	-0.625405703453	0
U1	True	4	SEG	0.138577007831	2
U1	True	4	RAN	0.0134138648771	2
U1	True	4	REL	-0.68183195234	0
U1	True	4	SEG	-0.327883962789	0
U1	True	4	RAN	0.508170806024	4
U1	True	4	REL	0.0134745641878	2
U1	True	4	SEG	0.20416634632	3
U1	True	4	RAN	0.520737428624	4
U1	True	4	REL	-0.0429516846993	1
U1	False	5	SEG	0.331282596411	3
U1	False	5	RAN	1.08714120683	4
U1	False	5	REL	0.79612023311	4
U1	True	5	SEG	0.355558129032	3
U1	True	5	RAN	0.533061765213	4
U1	True	5	REL	0.367982014853	3
U1	True	5	SEG	-0.329336373111	0
U1	True	5	RAN	0.153766374838	2
U1	True	5	REL	0.0290146698656	2
U2	True	2	SEG	-0.511490607294	0
U2	True	2	RAN	-0.483396326398	0
U2	True	2	REL	-0.711873223687	0
U2	True	2	SEG	-0.527979123874	0
U2	True	2	RAN	-0.495065556542	0
U2	True	2	REL	-0.744744661482	0
U2	True	2	SEG	-0.491547068392	0
U2	True	2	RAN	-0.463810313421	0
U2	True	2	REL	-0.716806827885	0
U2	True	2	SEG	-0.508035584973	0
U2	True	2	RAN	-0.475479543565	0
U2	True	2	REL	-0.74967826568	0
U2	False	3	SEG	-0.0485239116717	1
U2	False	3	RAN	0.129396825562	2
U2	False	3	REL	-0.218585847133	1
U2	False	3	SEG	-0.301114212591	0
U2	False	3	RAN	-0.154123776049	1
U2	False	3	REL	-0.454478399754	0
U2	True	3	SEG	0.454427747434	4
U2	True	3	RAN	0.390555353742	3
U2	True	3	REL	0.130410846013	2
U2	True	3	SEG	0.201837446515	3
U2	True	3	RAN	0.107034752131	2
U2	True	3	REL	-0.105481706609	1
U2	False	4	SEG	-0.285627417938	0
U2	False	4	RAN	-0.0243321006595	1
U2	False	4	REL	-0.00631359515685	2
U2	False	4	SEG	-0.226402450398	1
U2	False	4	RAN	0.10430848198	2
U2	False	4	REL	0.2065873311	3
U2	False	4	SEG	-0.102450999494	1
U2	False	4	RAN	-0.124923855346	1
U2	False	4	REL	-0.0321818036476	1
U2	False	4	SEG	-0.043226031954	1
U2	False	4	RAN	0.00371672729316	2
U2	False	4	REL	0.18071912261	3
U2	False	5	SEG	0.458167704496	4
U2	False	5	RAN	0.734832519106	4
U2	False	5	REL	0.557844308287	4
U2	False	5	SEG	0.340118005404	3
U2	False	5	RAN	0.452508546943	4
U2	False	5	REL	0.248984782498	3
U2	True	5	SEG	0.325978503682	3
U2	True	5	RAN	0.491963641156	4
U2	True	5	REL	0.308502915832	3
U2	False	5	SEG	0.20792880459	3
U2	False	5	RAN	0.209639668993	3
U2	False	5	REL	-0.000356609956951	2
U3	False	2	SEG	-0.16612050161	1
U3	False	2	RAN	-0.0945284084261	1
U3	False	2	REL	-0.237028471033	1
U3	False	2	SEG	-0.00948487956109	2
U3	False	2	RAN	0.275597333237	3
U3	False	2	REL	0.15217341769	2
U3	False	2	SEG	-0.0316806850388	1
U3	False	2	RAN	0.107932934243	2
U3	False	2	REL	-0.0441365793807	1
U3	True	3	SEG	0.89611199876	4
U3	True	3	RAN	0.591591361946	4
U3	True	3	REL	0.517825211706	4
U3	True	3	SEG	-0.164569227334	1
U3	True	3	RAN	-0.250019638222	1
U3	True	3	REL	-0.115488745264	1
U3	True	3	SEG	0.446646856074	4
U3	True	3	RAN	0.415255471889	4
U3	True	3	REL	0.298977327412	3
U3	True	3	SEG	-0.614034370021	0
U3	True	3	RAN	-0.426355528279	0
U3	True	3	REL	-0.334336629558	0
U3	False	4	SEG	0.188833228889	3
U3	False	4	RAN	-0.163642968503	1
U3	False	4	REL	0.09860053031	2
U3	False	4	SEG	0.204729942805	3
U3	False	4	RAN	0.326711725007	3
U3	False	4	REL	0.625322867991	4
U3	True	4	SEG	0.00363643773228	2
U3	True	4	RAN	-0.457572233888	0
U3	True	4	REL	-0.167037092454	1
U3	True	4	SEG	0.0195331516475	2
U3	True	4	RAN	0.0327824596221	2
U3	True	4	REL	0.359685245227	3
U3	False	5	SEG	-0.169382374423	1
U3	False	5	RAN	-0.0702075112399	1
U3	False	5	REL	0.169683897376	3
U3	False	5	SEG	0.351071036042	3
U3	False	5	RAN	0.532356859963	4
U3	False	5	REL	0.763468580926	4
U3	True	5	SEG	-0.496660062959	0
U3	True	5	RAN	-0.334613500027	0
U3	True	5	REL	-0.0598348324107	1
U3	False	5	SEG	0.023793347506	2
U3	False	5	RAN	0.267950871176	3
U3	False	5	REL	0.53394985114	4
U4	False	2	SEG	0.180957102354	3
U4	False	2	RAN	0.131050696758	2
U4	False	2	REL	0.132834818551	2
U4	False	2	SEG	0.602723682576	4
U4	False	2	RAN	0.293995974589	3
U4	False	2	REL	0.354620596405	3
U4	False	2	SEG	-0.00468665164565	2
U4	False	2	RAN	-0.0966268356891	1
U4	False	2	REL	-0.0902268138436	1
U4	False	2	SEG	0.417079928576	4
U4	False	2	RAN	0.0663184421417	2
U4	False	2	REL	0.13155896401	2
U4	True	3	SEG	0.467648730916	4
U4	True	3	RAN	0.575107883231	4
U4	True	3	REL	0.624784135047	4
U4	True	3	SEG	-0.0753526582317	1
U4	True	3	RAN	-0.203207592851	1
U4	True	3	REL	-0.485468422491	0
U4	True	3	SEG	0.631019472273	4
U4	True	3	RAN	0.694592276291	4
U4	True	3	REL	0.700444749487	4
U4	True	3	SEG	0.0880180831255	2
U4	True	3	RAN	-0.0837231997913	1
U4	True	3	REL	-0.409807808051	0
U4	False	4	SEG	-0.355477418681	0
U4	False	4	RAN	-0.615760516945	0
U4	False	4	REL	-0.661932161212	0
U4	False	4	SEG	0.364806996449	3
U4	False	4	RAN	0.0982933484347	2
U4	False	4	REL	0.0521217041672	2
U4	True	4	SEG	0.218788857151	3
U4	True	4	RAN	-0.00319795603532	2
U4	True	4	REL	-0.0246769877124	1
U4	False	4	SEG	0.939073272281	4
U4	False	4	RAN	0.710855909344	4
U4	False	4	REL	0.689376877667	4
U4	False	5	SEG	0.929203655574	4
U4	False	5	RAN	0.56327931183	4
U4	False	5	REL	0.846990094505	4
U4	False	5	SEG	0.328819222101	3
U4	False	5	RAN	0.00729329194514	2
U4	False	5	REL	0.275736602489	3
U4	True	5	SEG	0.6989981267	4
U4	True	5	RAN	0.525271963246	4
U4	True	5	REL	0.783733783736	4
U4	True	5	SEG	0.0986136932265	2
U4	True	5	RAN	-0.0307140566391	1
U4	True	5	REL	0.212480291721	3
U5	False	2	SEG	-0.24167395684	1
U5	False	2	RAN	-0.20818777381	1
U5	False	2	REL	-0.469552537944	0
U5	False	2	SEG	-0.176927312182	1
U5	False	2	RAN	-0.683599745065	0
U5	False	2	REL	-0.452488024101	0
U5	True	2	SEG	-0.351871573191	0
U5	True	2	RAN	-0.240863121216	1
U5	True	2	REL	-0.434846617758	0
U5	True	2	SEG	-0.287124928533	0
U5	True	2	RAN	-0.716275092471	0
U5	True	2	REL	-0.417782103915	0
U5	False	4	SEG	-1.10423380594	0
U5	False	4	RAN	-1.0792917857	0
U5	False	4	REL	-1.00445480294	0
U5	False	4	SEG	-1.05779616185	0
U5	False	4	RAN	-1.00400598726	0
U5	False	4	REL	-1.12761994323	0
U5	True	4	SEG	-0.420585569547	0
U5	True	4	RAN	-0.159481502898	1
U5	True	4	REL	0.13427961563	2
U5	False	4	SEG	-0.374147925452	0
U5	False	4	RAN	-0.0841957044658	1
U5	False	4	REL	0.0111144753385	2
U5	False	5	SEG	0.700334519765	4
U5	False	5	RAN	0.0866144728368	2
U5	False	5	REL	-0.201067599615	1
U5	False	5	SEG	1.64873488066	4
U5	False	5	RAN	0.737382430428	4
U5	False	5	REL	0.0442352498679	2
U5	False	5	SEG	0.128811366698	2
U5	False	5	RAN	-0.53420607241	0
U5	False	5	REL	-0.787479365176	0
U5	False	5	SEG	1.07721172759	4
U5	False	5	RAN	0.116561885181	2
U5	False	5	REL	-0.542176515693	0
U6	False	2	SEG	0.880445185995	4
U6	False	2	RAN	0.878440507743	4
U6	False	2	REL	0.99176919305	4
U6	False	2	SEG	0.657578216136	4
U6	False	2	RAN	0.548290736861	4
U6	False	2	REL	0.654239314871	4
U6	False	2	SEG	0.659294402335	4
U6	False	2	RAN	0.707906906701	4
U6	False	2	REL	0.781389683461	4
U6	False	3	SEG	-0.0248408625847	1
U6	False	3	RAN	0.127760630256	2
U6	False	3	REL	0.0865176717216	2
U6	False	3	SEG	0.0323515920701	2
U6	False	3	RAN	0.0563357070885	2
U6	False	3	REL	0.140255891508	2
U6	True	3	SEG	-0.332022260344	0
U6	True	3	RAN	-0.142526743148	1
U6	True	3	REL	-0.249136478206	1
U6	False	3	SEG	-0.274829805689	0
U6	False	3	RAN	-0.213951666315	1
U6	False	3	REL	-0.195398258419	1
U6	False	4	SEG	0.262061228918	3
U6	False	4	RAN	0.204150312974	3
U6	False	4	REL	0.194138677559	3
U6	False	4	SEG	0.331964775014	3
U6	False	4	RAN	0.308611547995	3
U6	False	4	REL	0.322168658954	3
U6	False	4	SEG	0.215501584997	3
U6	False	4	RAN	0.200515713769	3
U6	False	4	REL	0.162467646132	2
U6	False	4	SEG	0.285405131093	3
U6	False	4	RAN	0.304976948791	3
U6	False	4	REL	0.290497627526	3
U6	True	5	SEG	0.159260651102	2
U6	True	5	RAN	0.0495429558072	2
U6	True	5	REL	0.159903912956	2
U6	True	5	SEG	0.129826150527	2
U6	True	5	RAN	0.163209298873	2
U6	True	5	REL	0.181762706769	3
U6	True	5	SEG	0.152509132337	2
U6	True	5	RAN	0.03692631759	2
U6	True	5	REL	0.0879118723229	2
U6	True	5	SEG	0.123074631762	2
U6	True	5	RAN	0.150592660656	2
U6	True	5	REL	0.109770666135	2
U7	False	2	SEG	0.0769541121136	2
U7	False	2	RAN	0.662197679828	4
U7	False	2	REL	0.61399557801	4
U7	False	2	SEG	0.136959122129	2
U7	False	2	RAN	0.205560680756	3
U7	False	2	REL	0.570203794344	4
U7	True	2	SEG	0.0123457024482	2
U7	True	2	RAN	0.434980803126	4
U7	True	2	REL	0.397952001907	3
U7	False	2	SEG	0.0723507124636	2
U7	False	2	RAN	-0.0216561959455	1
U7	False	2	REL	0.354160218241	3
U7	False	3	SEG	0.506507745415	4
U7	False	3	RAN	0.676134887921	4
U7	False	3	REL	0.702452196238	4
U7	False	3	SEG	0.584354447755	4
U7	False	3	RAN	1.00871950699	4
U7	False	3	REL	1.09776007378	4
U7	False	3	SEG	0.167554854573	2
U7	False	3	RAN	0.234504503345	3
U7	False	3	REL	0.443143368456	4
U7	False	4	SEG	0.0356120717889	2
U7	False	4	RAN	0.464305608131	4
U7	False	4	REL	0.428102559467	4
U7	False	4	SEG	0.233355926438	3
U7	False	4	RAN	0.630097862974	4
U7	False	4	REL	0.527203439811	4
U7	True	4	SEG	-0.00375234961855	2
U7	True	4	RAN	0.497753542199	4
U7	True	4	REL	0.450500657348	4
U7	True	4	SEG	0.193991505031	3
U7	True	4	RAN	0.663545797041	4
U7	True	4	REL	0.549601537692	4
U7	True	5	SEG	0.445371832577	4
U7	True	5	RAN	0.438316397624	4
U7	True	5	REL	0.443345746029	4
U7	True	5	SEG	0.134068305389	2
U7	True	5	RAN	0.111012529089	2
U7	True	5	REL	0.466902851567	4
U7	True	5	SEG	0.00531489734493	2
U7	True	5	RAN	0.0164726142156	2
U7	True	5	REL	-0.0651683502457	1
U7	True	5	SEG	-0.305988629843	0
U7	True	5	RAN	-0.310831254319	0
U7	True	5	REL	-0.0416112447067	1
U8	False	2	SEG	0.750343898827	4
U8	False	2	RAN	0.168071414613	2
U8	False	2	REL	-0.217591066199	1
U8	False	2	SEG	-0.00577748149384	2
U8	False	2	RAN	0.0594867035995	2
U8	False	2	REL	-0.0474623747434	1
U8	False	2	SEG	0.967638535966	4
U8	False	2	RAN	0.0931692989456	2
U8	False	2	REL	-0.301824509295	0
U8	False	2	SEG	0.211517155645	3
U8	False	2	RAN	-0.0154154120674	2
U8	False	2	REL	-0.131695817839	1
U8	False	3	SEG	0.112223528479	2
U8	False	3	RAN	0.117088238589	2
U8	False	3	REL	-0.0168341914624	2
U8	False	3	SEG	0.511605070923	4
U8	False	3	RAN	0.706489284923	4
U8	False	3	REL	0.499309584598	4
U8	True	3	SEG	-0.220118333012	1
U8	True	3	RAN	-0.250913803301	1
U8	True	3	REL	-0.361579371188	0
U8	True	3	SEG	0.179263209432	3
U8	True	3	RAN	0.338487243033	3
U8	True	3	REL	0.154564404872	2
U8	True	4	SEG	-0.348587148606	0
U8	True	4	RAN	-0.395686035458	0
U8	True	4	REL	-0.887248360149	0
U8	True	4	SEG	-0.20127843705	1
U8	True	4	RAN	-0.153761347527	1
U8	True	4	REL	-0.817173929144	0
U8	True	4	SEG	-0.731661170173	0
U8	True	4	RAN	-0.570184450254	0
U8	True	4	REL	-1.13289143076	0
U8	True	4	SEG	-0.584352458617	0
U8	True	4	RAN	-0.328259762323	0
U8	True	4	REL	-1.06281699975	0
U8	False	5	SEG	0.00759775363276	2
U8	False	5	RAN	0.154992643336	2
U8	False	5	REL	-0.294147528275	0
U8	False	5	SEG	-0.0673080781275	1
U8	False	5	RAN	0.280724980895	3
U8	False	5	REL	0.209461960873	3
U8	True	5	SEG	0.309289802046	3
U8	True	5	RAN	0.296430228984	3
U8	True	5	REL	-0.151983462391	1
U8	False	5	SEG	0.234383970286	3
U8	False	5	RAN	0.422162566543	4
U8	False	5	REL	0.351626026757	3
U9	False	2	SEG	0.398060160102	3
U9	False	2	RAN	0.461034959263	4
U9	False	2	REL	0.317934115622	3
U9	False	2	SEG	0.0527878482607	2
U9	False	2	RAN	0.318286911534	3
U9	False	2	REL	0.175186067893	3
U9	True	2	SEG	0.0182032065264	2
U9	True	2	RAN	0.258344334209	3
U9	True	2	REL	-0.158049844431	1
U9	True	2	SEG	-0.327069105315	0
U9	True	2	RAN	0.11559628648	2
U9	True	2	REL	-0.300797892161	0
U9	False	3	SEG	0.16412613603	2
U9	False	3	RAN	1.10254543041	4
U9	False	3	REL	-0.352741802192	0
U9	False	3	SEG	-0.370223569729	0
U9	False	3	RAN	0.333075982295	3
U9	False	3	REL	-0.246742512958	1
U9	False	3	SEG	-0.570591717961	0
U9	False	3	RAN	0.258643824354	3
U9	False	3	REL	-1.30997209356	0
U9	False	3	SEG	-1.10494142372	0
U9	False	3	RAN	-0.510825623766	0
U9	False	3	REL	-1.20397280433	0
U9	False	4	SEG	0.00342958510172	2
U9	False	4	RAN	-0.0996298409488	1
U9	False	4	REL	-0.615228743467	0
U9	False	4	SEG	0.169241332932	2
U9	False	4	RAN	0.810930216216	4
U9	False	4	REL	-0.703197516413	0
U9	True	4	SEG	0.743100047877	4
U9	True	4	RAN	0.624000356336	4
U9	True	4	REL	0.624000356336	4
U9	False	4	SEG	0.908911795707	4
U9	False	4	RAN	1.5345604135	4
U9	False	4	REL	0.53603158339	4
U9	True	5	SEG	0.163087634542	2
U9	True	5	RAN	1.11153547805	4
U9	True	5	REL	-0.0726346989794	1
U9	True	5	SEG	0.116105789129	2
U9	True	5	RAN	0.520667146611	4
U9	True	5	REL	-0.152677406653	1
U9	True	5	SEG	0.0589972821571	2
U9	True	5	RAN	0.602883768184	4
U9	True	5	REL	-0.0296387905596	1
U9	True	5	SEG	0.0120154367444	2
U9	True	5	RAN	0.0120154367444	2
U9	True	5	REL	-0.109681498233	1
U10	False	2	SEG	0.696124671143	4
U10	False	2	RAN	-0.177334015283	1
U10	False	2	REL	0.810321202799	4
U10	False	2	SEG	0.30464580501	3
U10	False	2	RAN	-0.400477566597	0
U10	False	2	REL	0.587177651485	4
U10	True	2	SEG	0.7396883267	4
U10	True	2	RAN	-0.203107524554	1
U10	True	2	REL	0.692980500003	4
U10	False	2	SEG	0.348209460567	3
U10	False	2	RAN	-0.426251075868	0
U10	False	2	REL	0.469836948689	4
U10	False	3	SEG	0.0098004122601	2
U10	False	3	RAN	-1.3316604988	0
U10	False	3	REL	-0.415369766927	0
U10	False	3	SEG	-0.0312413383318	1
U10	False	3	RAN	-0.298187512304	0
U10	False	3	REL	0.261428275631	3
U10	False	3	SEG	-0.0350767687903	1
U10	False	3	RAN	-1.70799331885	0
U10	False	3	REL	-0.651940644601	0
U10	False	3	SEG	-0.0761185193822	1
U10	False	3	RAN	-0.674520332353	0
U10	False	3	REL	0.0248573979578	2
U10	True	4	SEG	1.41226063042	4
U10	True	4	RAN	0.911546316258	4
U10	True	4	REL	1.54693466267	4
U10	True	4	SEG	3.09185218058	5
U10	True	4	RAN	2.72037433476	5
U10	True	4	REL	3.46271175951	5
U10	True	4	SEG	-0.0877654038617	1
U10	True	4	RAN	0.0139681153603	2
U10	True	4	REL	0.00891334469871	2
U10	True	4	SEG	1.5918261463	4
U10	True	4	RAN	1.82279613386	4
U10	True	4	REL	1.92469044154	5
U10	False	5	SEG	-0.0160432351187	2
U10	False	5	RAN	-0.341236040787	0
U10	False	5	REL	-0.564379592101	0
U10	False	5	SEG	-0.461281447726	0
U10	False	5	RAN	-0.10814215862	1
U10	False	5	REL	-1.02443289049	0
U10	True	5	SEG	-0.256621510964	1
U10	True	5	RAN	-0.512477151804	0
U10	True	5	REL	-0.657659161649	0
U10	True	5	SEG	-0.701859723572	0
U10	True	5	RAN	-0.279383269637	0
U10	True	5	REL	-1.11771246004	0
U11	False	2	SEG	0.206385196923	3
U11	False	2	RAN	0.274762494368	3
U11	False	2	REL	0.243579566931	3
U11	False	2	SEG	0.27466670434	3
U11	False	2	RAN	0.406171753819	3
U11	False	2	REL	0.306984097268	3
U11	True	2	SEG	0.304011576679	3
U11	True	2	RAN	0.186816603374	3
U11	True	2	REL	0.23284242577	3
U11	True	2	SEG	0.372293084096	3
U11	True	2	RAN	0.318225862825	3
U11	True	2	REL	0.296246956107	3
U11	False	3	SEG	-0.3852872209	0
U11	False	3	RAN	-0.234958674138	1
U11	False	3	REL	-0.429352812166	0
U11	True	3	SEG	0.0274714678177	2
U11	True	3	RAN	-0.199447453719	1
U11	True	3	REL	-0.066599354596	1
U11	True	3	SEG	-0.309907897621	0
U11	True	3	RAN	-0.253347510311	1
U11	True	3	REL	-0.261412070148	1
U11	False	4	SEG	0.0405200621508	2
U11	False	4	RAN	0.102180573851	2
U11	False	4	REL	0.0128051295668	2
U11	False	4	SEG	0.658860702593	4
U11	False	4	RAN	0.357275724972	3
U11	False	4	REL	0.326652864758	3
U11	True	4	SEG	-0.120410304662	1
U11	True	4	RAN	0.026408015379	2
U11	True	4	REL	0.193462100042	3
U11	False	4	SEG	0.49793033578	4
U11	False	4	RAN	0.2815031665	3
U11	False	4	REL	0.507309835233	4
U11	False	5	SEG	0.110626275513	2
U11	False	5	RAN	0.29936568916	3
U11	False	5	REL	0.111216500496	2
U11	False	5	SEG	-0.165522839419	1
U11	False	5	RAN	0.337106017143	3
U11	False	5	REL	0.216742334893	3
U11	False	5	SEG	0.0370155016136	2
U11	False	5	RAN	0.14545497286	2
U11	False	5	REL	0.14545497286	2
U11	False	5	SEG	-0.239133613318	1
U11	False	5	RAN	0.183195300843	3
U11	False	5	REL	0.250980807257	3
U12	True	2	SEG	-0.587643306003	0
U12	True	2	RAN	-0.434315332927	0
U12	True	2	REL	-0.399579568675	0
U12	True	2	SEG	-0.397648033358	0
U12	True	2	RAN	-0.382722383141	0
U12	True	2	REL	-0.364335756891	0
U12	True	2	SEG	-0.630360956481	0
U12	True	2	RAN	-0.478050203576	0
U12	True	2	REL	-0.523123878201	0
U12	True	2	SEG	-0.440365683836	0
U12	True	2	RAN	-0.42645725379	0
U12	True	2	REL	-0.487880066416	0
U12	False	3	SEG	-0.0967956277059	1
U12	False	3	RAN	-0.363643613255	0
U12	False	3	REL	-0.104580346109	1
U12	False	3	SEG	0.156012899165	2
U12	False	3	RAN	0.189457493659	3
U12	False	3	REL	0.328719560993	3
U12	True	3	SEG	-0.242063042837	1
U12	True	3	RAN	-0.730865754516	0
U12	True	3	REL	-0.348700290235	0
U12	False	3	SEG	0.0107454840335	2
U12	False	3	RAN	-0.177764647601	1
U12	False	3	REL	0.0845996168661	2
U12	False	4	SEG	0.674236216274	4
U12	False	4	RAN	0.531135372634	4
U12	False	4	REL	0.779596731932	4
U12	False	4	SEG	0.708668474906	4
U12	False	4	RAN	0.34955747617	3
U12	False	4	REL	0.755022584278	4
U12	False	4	SEG	0.0511056044976	2
U12	False	4	RAN	-0.210213909744	1
U12	False	4	REL	0.345732149302	3
U12	False	4	SEG	0.0855378631299	2
U12	False	4	RAN	-0.391791806208	0
U12	False	4	REL	0.321158001648	3
U12	False	5	SEG	1.14035407588	4
U12	False	5	RAN	0.71159738037	4
U12	False	5	REL	0.822262948258	4
U12	False	5	SEG	0.691037612986	4
U12	False	5	RAN	0.0744648413649	2
U12	False	5	REL	0.333550414371	3
U12	True	5	SEG	0.375545463593	3
U12	True	5	RAN	0.0946024656913	2
U12	True	5	REL	0.230734640016	3
U12	True	5	SEG	-0.0737709993005	1
U12	True	5	RAN	-0.542530073314	0
U12	True	5	REL	-0.257977893871	1
U13	False	2	SEG	-0.176515581737	1
U13	False	2	RAN	-0.250623553891	1
U13	False	2	REL	0.060530874746	2
U13	False	2	SEG	-0.599687031037	0
U13	False	2	RAN	-0.811945341671	0
U13	False	2	REL	-0.763155177502	0
U13	False	2	SEG	-0.741071618764	0
U13	False	2	RAN	-0.801330810282	0
U13	False	2	REL	-0.407938283408	0
U13	False	2	SEG	-1.16424306806	0
U13	False	2	RAN	-1.36265259806	0
U13	False	2	REL	-1.23162433566	0
U13	False	3	SEG	1.48321394847	4
U13	False	3	RAN	1.01193562179	4
U13	False	3	REL	1.55197324703	4
U13	False	3	SEG	-0.506026355631	0
U13	False	3	RAN	-0.368404977755	0
U13	False	3	REL	-0.44097567059	0
U13	False	3	SEG	0.401415005189	3
U13	False	3	RAN	0.407145679898	4
U13	False	3	REL	0.0903780265511	2
U13	False	4	SEG	-0.0456662454431	1
U13	False	4	RAN	-0.183751149604	1
U13	False	4	REL	0.201911331208	3
U13	False	4	SEG	0.972551552704	4
U13	False	4	RAN	-0.0296004697763	1
U13	False	4	REL	0.193543081538	3
U13	True	4	SEG	0.219202046367	3
U13	True	4	RAN	-0.204751693121	1
U13	True	4	REL	0.216628870293	3
U13	True	4	SEG	1.23741984451	4
U13	True	4	RAN	-0.0506010132938	1
U13	True	4	REL	0.208260620622	3
U13	True	5	SEG	-0.611691636776	0
U13	True	5	RAN	-0.839950288757	0
U13	True	5	REL	-0.781109788734	0
U13	True	5	SEG	-0.6539899402	0
U13	True	5	RAN	-0.88324709451	0
U13	True	5	REL	-0.904449302161	0
U13	True	5	SEG	-0.347571959336	0
U13	True	5	RAN	-0.779354375761	0
U13	True	5	REL	-0.333067273133	0
U13	True	5	SEG	-0.389870262759	0
U13	True	5	RAN	-0.822651181514	0
U13	True	5	REL	-0.45640678656	0
U14	False	2	SEG	0.446531884026	4
U14	False	2	RAN	0.560036486301	4
U14	False	2	REL	0.373260579158	3
U14	False	2	SEG	0.287838025011	3
U14	False	2	RAN	0.0999617104757	2
U14	False	2	REL	0.290480034474	3
U14	False	2	SEG	0.272391701264	3
U14	False	2	RAN	0.357746534529	3
U14	False	2	REL	0.0915434937542	2
U14	False	2	SEG	0.113697842249	2
U14	False	2	RAN	-0.102328241296	1
U14	False	2	REL	0.0087629490705	2
U14	False	3	SEG	0.35621874702	3
U14	False	3	RAN	0.426155254478	4
U14	False	3	REL	0.450252806057	4
U14	False	3	SEG	-0.165258202336	1
U14	False	3	RAN	0.158446722365	2
U14	False	3	REL	0.0955328969545	2
U14	False	3	SEG	-0.257506981711	1
U14	False	3	RAN	0.298391329824	3
U14	False	3	REL	-0.354909942188	0
U14	True	4	SEG	-0.0204760082796	1
U14	True	4	RAN	0.0421375844484	2
U14	True	4	REL	0.129735643766	2
U14	True	4	SEG	-0.414625578395	0
U14	True	4	RAN	-0.352011985667	0
U14	True	4	REL	-0.297203749172	0
U14	True	4	SEG	0.125697828065	2
U14	True	4	RAN	0.253685033895	3
U14	True	4	REL	0.311792664703	3
U14	True	4	SEG	-0.268451742051	0
U14	True	4	RAN	-0.14046453622	1
U14	True	4	REL	-0.115146728236	1
U14	False	5	SEG	0.468444799958	4
U14	False	5	RAN	0.412592722032	4
U14	False	5	REL	0.348054200895	3
U14	False	5	SEG	0.460647196059	4
U14	False	5	RAN	0.35424283897	3
U14	False	5	REL	0.35424283897	3
U14	True	5	SEG	0.142961980175	2
U14	True	5	RAN	0.0449815718146	2
U14	True	5	REL	-0.0965179904591	1
U14	True	5	SEG	0.135164376275	2
U14	True	5	RAN	-0.0133683112477	2
U14	True	5	REL	-0.0903293523838	1
U15	False	2	SEG	0.40655830926	3
U15	False	2	RAN	-0.133947625721	1
U15	False	2	REL	0.628192426326	4
U15	False	2	SEG	0.30395534043	3
U15	False	2	RAN	-0.212857168734	1
U15	False	2	REL	0.319474660253	3
U15	False	2	SEG	0.227213493391	3
U15	False	2	RAN	0.264953821374	3
U15	False	2	REL	0.611476393849	4
U15	False	4	SEG	-0.0727593542824	1
U15	False	4	RAN	-0.117495248124	1
U15	False	4	REL	-0.09608115362	1
U15	False	4	SEG	0.0160243039456	2
U15	False	4	RAN	0.0687437462549	2
U15	False	4	REL	-0.537392057315	0
U15	True	4	SEG	-0.338331549211	0
U15	True	4	RAN	-0.164378242088	1
U15	True	4	REL	-0.112192488917	1
U15	False	4	SEG	-0.249547890983	1
U15	False	4	RAN	0.0218607522908	2
U15	False	4	REL	-0.553503392613	0
U15	True	5	SEG	1.04586694466	4
U15	True	5	RAN	-0.0270775972638	1
U15	True	5	REL	-0.428674228594	0
U15	True	5	SEG	0.464660524128	4
U15	True	5	RAN	-0.57988454327	0
U15	True	5	REL	-0.811054405458	0
U15	True	5	SEG	0.120144311842	2
U15	True	5	RAN	-0.0936116231687	1
U15	True	5	REL	-0.376367577284	0
U15	True	5	SEG	-0.461062108686	0
U15	True	5	RAN	-0.646418569175	0
U15	True	5	REL	-0.758747754149	0
U16	True	2	SEG	0.276565167319	3
U16	True	2	RAN	0.418921270654	4
U16	True	2	REL	0.270250056591	3
U16	True	2	SEG	0.259140364024	3
U16	True	2	RAN	0.252383581561	3
U16	True	2	REL	0.103712367498	2
U16	True	2	SEG	0.24474145329	3
U16	True	2	RAN	0.316893297951	3
U16	True	2	REL	0.201744775927	3
U16	True	2	SEG	0.227316649995	3
U16	True	2	RAN	0.150355608859	2
U16	True	2	REL	0.0352070868347	2
U16	False	3	SEG	0.0661765231418	2
U16	False	3	RAN	0.1715370388	3
U16	False	3	REL	0.352233899867	3
U16	False	3	SEG	0.202543849873	3
U16	False	3	RAN	-0.188480574081	1
U16	False	3	REL	0.409558019257	4
U16	False	3	SEG	-0.137063370979	1
U16	False	3	RAN	0.343990094453	3
U16	False	3	REL	0.263322191385	3
U16	False	4	SEG	0.0999187088218	2
U16	False	4	RAN	-0.127482432745	1
U16	False	4	REL	0.0605697987578	2
U16	False	4	SEG	0.125697103583	2
U16	False	4	RAN	-0.0521701028611	1
U16	False	4	REL	-0.244890366876	1
U16	True	4	SEG	0.323985195135	3
U16	True	4	RAN	-0.00877646209011	2
U16	True	4	REL	0.179275769413	3
U16	True	4	SEG	0.349763589896	3
U16	True	4	RAN	0.0665358677939	2
U16	True	4	REL	-0.126184396221	1
U16	False	5	SEG	0.270410166189	3
U16	False	5	RAN	0.333114871959	3
U16	False	5	REL	0.314454449241	3
U16	False	5	SEG	0.101959338426	2
U16	False	5	RAN	0.302630033888	3
U16	False	5	REL	0.122658654439	2
U16	False	5	SEG	0.0646622787053	2
U16	False	5	RAN	0.00594095754017	2
U16	False	5	REL	0.0590784572373	2
U16	False	5	SEG	-0.103788549058	1
U16	False	5	RAN	-0.0245438805309	1
U16	False	5	REL	-0.132717337565	1
U17	True	2	SEG	-0.0698378620745	1
U17	True	2	RAN	0.0582331049697	2
U17	True	2	REL	0.127225976457	2
U17	True	2	SEG	0.186731153401	3
U17	True	2	RAN	0.247791410162	3
U17	True	2	REL	0.343101589966	3
U17	True	2	SEG	-0.249191829599	1
U17	True	2	RAN	-0.184428311273	1
U17	True	2	REL	-0.10935639371	1
U17	True	2	SEG	0.00737718587629	2
U17	True	2	RAN	0.00512999391938	2
U17	True	2	REL	0.1065192198	2
U17	False	3	SEG	-0.0795463802905	1
U17	False	3	RAN	0.00144374573907	2
U17	False	3	REL	0.0814864534126	2
U17	False	3	SEG	-0.16559252774	1
U17	False	3	RAN	-0.12927668228	1
U17	False	3	REL	0.0114509772153	2
U17	False	3	SEG	-0.0490603396789	1
U17	False	3	RAN	0.0439532263284	2
U17	False	3	REL	0.0742052694989	2
U17	False	3	SEG	-0.135106487129	1
U17	False	3	RAN	-0.0867672016905	1
U17	False	3	REL	0.00416979330162	2
U17	False	4	SEG	0.556532592755	4
U17	False	4	RAN	0.733643090336	4
U17	False	4	REL	0.623332069518	4
U17	False	4	SEG	0.33845973174	3
U17	False	4	RAN	0.568287011494	4
U17	False	4	REL	0.437608687851	4
U17	True	4	SEG	0.48496904365	4
U17	True	4	RAN	0.646281424354	4
U17	True	4	REL	0.619352012476	4
U17	True	4	SEG	0.266896182635	3
U17	True	4	RAN	0.480925345512	4
U17	True	4	REL	0.433628630809	4
U17	False	5	SEG	0.538445772926	4
U17	False	5	RAN	0.625787783081	4
U17	False	5	REL	0.610941274964	4
U17	False	5	SEG	0.270779255777	3
U17	False	5	RAN	0.557734319836	4
U17	False	5	REL	0.503667098565	4
U17	True	5	SEG	0.275827083243	3
U17	True	5	RAN	0.584128442897	4
U17	True	5	REL	0.528038976246	4
U17	False	5	SEG	0.0081605660936	2
U17	False	5	RAN	0.516074979652	4
U17	False	5	REL	0.420764799848	4
U18	False	2	SEG	0.872859813359	4
U18	False	2	RAN	0.791460365624	4
U18	False	2	REL	0.43721975482	4
U18	False	2	SEG	0.151074028976	2
U18	False	2	RAN	0.305605588641	3
U18	False	2	REL	0.369718020963	3
U18	True	2	SEG	0.640787901635	4
U18	True	2	RAN	0.657651707687	4
U18	True	2	REL	0.554983889718	4
U18	False	2	SEG	-0.0809978827479	1
U18	False	2	RAN	0.171796930703	3
U18	False	2	REL	0.48748215586	4
U18	True	3	SEG	-0.376748074841	0
U18	True	3	RAN	-0.290477713076	0
U18	True	3	REL	-0.0580050664733	1
U18	True	3	SEG	-0.00809889287561	2
U18	True	3	RAN	-0.179078561133	1
U18	True	3	REL	-0.0554230530557	1
U18	False	3	SEG	0.0470641586659	2
U18	False	3	RAN	-0.0271621636862	1
U18	False	3	REL	0.242428145873	3
U18	False	4	SEG	-0.23973418743	1
U18	False	4	RAN	-0.0455166654388	1
U18	False	4	REL	0.245865688756	3
U18	False	4	SEG	-0.0603847491022	1
U18	False	4	RAN	-0.099414093008	1
U18	False	4	REL	0.0748429039492	2
U18	False	4	SEG	-0.613585744553	0
U18	False	4	RAN	-0.221560703297	1
U18	False	4	REL	0.122837598597	2
U18	False	4	SEG	-0.434236306225	0
U18	False	4	RAN	-0.275458130866	0
U18	False	4	REL	-0.0481851862098	1
U18	False	5	SEG	0.675604623642	4
U18	False	5	RAN	0.797598191835	4
U18	False	5	REL	0.527817329712	4
U18	False	5	SEG	0.0576674408704	2
U18	False	5	RAN	0.187971983325	3
U18	False	5	REL	0.259613862983	3
U18	True	5	SEG	0.670850148884	4
U18	True	5	RAN	0.586002543109	4
U18	True	5	REL	0.407483272264	4
U18	True	5	SEG	0.0529129661124	2
U18	True	5	RAN	-0.0236236654015	1
U18	True	5	REL	0.139279805535	2
U19	True	2	SEG	1.0852405517	4
U19	True	2	RAN	0.944700528923	4
U19	True	2	REL	0.965950356755	4
U19	True	2	SEG	0.143284276467	2
U19	True	2	RAN	-0.45017884644	0
U19	True	2	REL	-0.369209783906	0
U19	True	2	SEG	0.736689711712	4
U19	True	2	RAN	1.70867040765	4
U19	True	2	REL	1.55797939474	4
U19	True	2	SEG	-0.205266563523	1
U19	True	2	RAN	0.313791032284	3
U19	True	2	REL	0.222819254078	3
U19	False	3	SEG	0.243944942455	3
U19	False	3	RAN	0.219685609515	3
U19	False	3	REL	0.278636258377	3
U19	False	3	SEG	0.160927553018	2
U19	False	3	RAN	0.104057415388	2
U19	False	3	REL	0.0354947439511	2
U19	True	3	SEG	0.275502154292	3
U19	True	3	RAN	0.293365679256	3
U19	True	3	REL	0.226722985114	3
U19	True	3	SEG	0.192484764855	3
U19	True	3	RAN	0.177737485129	3
U19	True	3	REL	-0.0164185293119	2
U19	False	4	SEG	-0.422092455942	0
U19	False	4	RAN	0.104532358261	2
U19	False	4	REL	0.11961955818	2
U19	False	4	SEG	-0.382519518708	0
U19	False	4	RAN	0.0209010170257	2
U19	False	4	REL	-0.200638684707	1
U19	True	4	SEG	-0.735146838443	0
U19	True	4	RAN	-0.270082701821	0
U19	True	4	REL	-0.289034627237	0
U19	False	4	SEG	-0.695573901209	0
U19	False	4	RAN	-0.353714043056	0
U19	False	4	REL	-0.609292870123	0
U19	False	5	SEG	0.386971094394	3
U19	False	5	RAN	0.261645336593	3
U19	False	5	REL	0.202456465203	3
U19	False	5	SEG	-0.268174967987	0
U19	False	5	RAN	-0.411754166097	0
U19	False	5	REL	-0.157285478633	1
U19	False	5	SEG	0.346664115819	3
U19	False	5	RAN	0.458205490552	4
U19	False	5	REL	0.227093769588	3
U19	False	5	SEG	-0.308481946562	0
U19	False	5	RAN	-0.215194012139	1
U19	False	5	REL	-0.132648174247	1
U20	False	2	SEG	0.546495943705	4
U20	False	2	RAN	1.13041413183	4
U20	False	2	REL	1.07521458247	4
U20	False	2	SEG	0.288835950434	3
U20	False	2	RAN	0.900153112746	4
U20	False	2	REL	0.911202948932	4
U20	True	2	SEG	0.295881206091	3
U20	True	2	RAN	0.560502705954	4
U20	True	2	REL	0.490914419147	4
U20	False	2	SEG	0.0382212128202	2
U20	False	2	RAN	0.330241686871	3
U20	False	2	REL	0.326902785605	3
U20	False	3	SEG	0.313391814392	3
U20	False	3	RAN	0.229050665958	3
U20	False	3	REL	0.236019335274	3
U20	False	3	SEG	0.263821908948	3
U20	False	3	RAN	0.0696658945073	2
U20	False	3	REL	0.088063259647	2
U20	False	3	SEG	0.283823503148	3
U20	False	3	RAN	0.337708591643	3
U20	False	3	REL	0.277468511265	3
U20	False	4	SEG	-0.173981634313	1
U20	False	4	RAN	0.091858696224	2
U20	False	4	REL	0.00200236710209	2
U20	False	4	SEG	0.307063238246	3
U20	False	4	RAN	0.413475831854	4
U20	False	4	REL	0.503087990544	4
U20	True	4	SEG	0.0598597119998	2
U20	True	4	RAN	0.308598810503	3
U20	True	4	REL	0.165497966862	2
U20	True	4	SEG	0.540904584558	4
U20	True	4	RAN	0.630215946133	4
U20	True	4	REL	0.666583590304	4
U20	False	5	SEG	0.942522241218	4
U20	False	5	RAN	0.815978414179	4
U20	False	5	REL	0.87128325937	4
U20	False	5	SEG	0.448822454522	4
U20	False	5	RAN	0.617483998139	4
U20	False	5	REL	0.622599098806	4
U20	False	5	SEG	0.690046839858	4
U20	False	5	RAN	0.560425613867	4
U20	False	5	REL	0.601341721606	4
U20	False	5	SEG	0.196347053162	3
U20	False	5	RAN	0.361931197828	3
U20	False	5	REL	0.352657561042	3
U21	False	2	SEG	-0.222583049435	1
U21	False	2	RAN	-0.545619634225	0
U21	False	2	REL	-1.00671643832	0
U21	False	2	SEG	-0.689829994683	0
U21	False	2	RAN	-0.770795018273	0
U21	False	2	REL	-0.966188656634	0
U21	True	2	SEG	0.348506076185	3
U21	True	2	RAN	-0.0473895809071	1
U21	True	2	REL	-0.569522275588	0
U21	True	2	SEG	-0.118740869063	1
U21	True	2	RAN	-0.272564964956	0
U21	True	2	REL	-0.528994493903	0
U21	False	3	SEG	0.17732479232	3
U21	False	3	RAN	0.702649990455	4
U21	False	3	REL	0.574949518141	4
U21	False	3	SEG	-0.299980394094	0
U21	False	3	RAN	-0.402259243215	0
U21	False	3	REL	-0.114577170763	1
U21	True	3	SEG	0.533306169621	4
U21	True	3	RAN	0.643892622862	4
U21	True	3	REL	0.750977276878	4
U21	False	3	SEG	0.0560009832065	2
U21	False	3	RAN	-0.461016610807	0
U21	False	3	REL	0.061450587974	2
U21	True	4	SEG	-0.0917672339877	1
U21	True	4	RAN	-0.246097592191	1
U21	True	4	REL	-0.197307428022	1
U21	True	4	SEG	0.277947965881	3
U21	True	4	RAN	-0.401858146259	0
U21	True	4	REL	-0.0705010103049	1
U21	True	4	SEG	-0.468562642554	0
U21	True	4	RAN	-0.676436250311	0
U21	True	4	REL	-0.573578864871	0
U21	True	4	SEG	-0.0988474426857	1
U21	True	4	RAN	-0.832196804379	0
U21	True	4	REL	-0.446772447154	0
U21	False	5	SEG	0.273978287858	3
U21	False	5	RAN	0.100083458557	2
U21	False	5	REL	0.301324848856	3
U21	False	5	SEG	0.0270070535004	2
U21	False	5	RAN	-0.368723282455	0
U21	False	5	REL	0.0507716738637	2
U21	False	5	SEG	0.178859529242	3
U21	False	5	RAN	-0.0120338395637	2
U21	False	5	REL	0.0455466398715	2
U21	False	5	SEG	-0.0681117051153	1
U21	False	5	RAN	-0.480840580576	0
U21	False	5	REL	-0.20500653512	1
U22	False	2	SEG	-1.19883288946	0
U22	False	2	RAN	0.1736952759	3
U22	False	2	REL	-1.24984325839	0
U22	False	2	SEG	-0.0106084420977	2
U22	False	2	RAN	0.019544596073	2
U22	False	2	REL	-0.641853886172	0
U22	True	2	SEG	-1.63933820627	0
U22	True	2	RAN	0.045323127401	2
U22	True	2	REL	-1.58431749235	0
U22	False	2	SEG	-0.451113758913	0
U22	False	2	RAN	-0.108827552426	1
U22	False	2	REL	-0.976328120131	0
U22	False	3	SEG	0.231146748315	3
U22	False	3	RAN	0.0302717836251	2
U22	False	3	REL	-0.132908302922	1
U22	False	3	SEG	-0.0226854694138	1
U22	False	3	RAN	-0.159021912966	1
U22	False	3	REL	-0.216841483855	1
U22	True	3	SEG	0.400528219599	3
U22	True	3	RAN	-0.0597192347016	1
U22	True	3	REL	-0.165079750359	1
U22	True	3	SEG	0.14669600187	2
U22	True	3	RAN	-0.249012931293	1
U22	True	3	REL	-0.249012931293	1
U22	True	4	SEG	0.570904211734	4
U22	True	4	RAN	-0.313027781833	0
U22	True	4	REL	0.434186619998	4
U22	True	4	SEG	0.884180040201	4
U22	True	4	RAN	-0.258234871125	1
U22	True	4	REL	-0.58365727156	0
U22	True	4	SEG	-0.483099742248	0
U22	True	4	RAN	-0.387135753986	0
U22	True	4	REL	-0.373890527236	0
U22	True	4	SEG	-0.169823913781	1
U22	True	4	RAN	-0.332342843279	0
U22	True	4	REL	-1.39173441879	0
U22	False	5	SEG	0.320313579668	3
U22	False	5	RAN	-0.0972728889722	1
U22	False	5	REL	-0.747860455113	0
U22	False	5	SEG	1.07080422903	4
U22	False	5	RAN	0.85255066301	4
U22	False	5	REL	0.808098900439	4
U22	False	5	SEG	-0.0179248165165	1
U22	False	5	RAN	-0.0929600024594	1
U22	False	5	REL	-0.947375330615	0
U22	False	5	SEG	0.732565832845	4
U22	False	5	RAN	0.856863549523	4
U22	False	5	REL	0.608584024937	4
U23	False	2	SEG	0.487159172382	4
U23	False	2	RAN	0.389585125431	3
U23	False	2	REL	0.369382418113	3
U23	False	2	SEG	0.0952090897161	2
U23	False	2	RAN	0.0439157953286	2
U23	False	2	REL	0.0237130880111	2
U23	True	2	SEG	0.439800838594	4
U23	True	2	RAN	0.171520045417	3
U23	True	2	REL	0.177750595168	3
U23	True	2	SEG	0.0478507559275	2
U23	True	2	RAN	-0.174149284685	1
U23	True	2	REL	-0.167918734934	1
U23	True	3	SEG	0.101690137646	2
U23	True	3	RAN	0.251502415874	3
U23	True	3	REL	-0.0523090385074	1
U23	True	3	SEG	-0.041354598138	1
U23	True	3	RAN	0.151831390036	2
U23	True	3	REL	-0.25304565572	1
U23	True	3	SEG	-0.198017314212	1
U23	True	3	RAN	-0.216215498091	1
U23	True	3	REL	-0.457226051233	0
U23	True	3	SEG	-0.341062049995	0
U23	True	3	RAN	-0.315886523929	0
U23	True	3	REL	-0.657962668446	0
U23	True	4	SEG	0.447101987911	4
U23	True	4	RAN	0.360717373712	3
U23	True	4	REL	0.32862905916	3
U23	False	4	SEG	0.336516390955	3
U23	False	4	RAN	0.382186427789	3
U23	False	4	REL	0.0911654540712	2
U23	False	4	SEG	0.0176220035985	2
U23	False	4	RAN	0.270212756239	3
U23	False	4	REL	-0.00176002250762	2
U23	False	5	SEG	-0.165028106561	1
U23	False	5	RAN	0.486709017127	4
U23	False	5	REL	0.35149553832	3
U23	False	5	SEG	0.228014481549	3
U23	False	5	RAN	0.551247538265	4
U23	False	5	REL	0.215363363995	3
U23	True	5	SEG	-0.357791638639	0
U23	True	5	RAN	0.300669983933	3
U23	True	5	REL	0.183805643794	3
U23	False	5	SEG	0.0352509494708	2
U23	False	5	RAN	0.365208505071	3
U23	False	5	REL	0.0476734694694	2
