studentid,taskid,docid,docrank,perceived relevance,dwell time,time1,time2_low,time2_high,time3,,R,IR,R-dtime,IR-dtime,avg-R-dtime,avg-IR-dtime,avg-(R-IR)-dtime
2014012780,2,1,1,3,118.7,361,130,150,100,,TRUE,FALSE,118.7,0,102.5142857,52.21111111,50.3031746
2014012780,2,4,2,0,40.2,199,60,80,49,,FALSE,TRUE,0,40.2,,,
2014012780,2,5,3,0,56.8,190,60,80,49,,FALSE,TRUE,0,56.8,,,
2014012780,2,2,4,2,78.4,250,100,130,80,,TRUE,FALSE,78.4,0,,,
2014012780,3,4,1,1,59.1,176,60,90,41,,FALSE,TRUE,0,59.1,,,
2014012780,3,5,2,1,74,191,70,100,42,,FALSE,TRUE,0,74,,,
2014012780,3,1,3,3,136.8,368,120,150,100,,TRUE,FALSE,136.8,0,,,
2014012780,3,2,4,2,73,265,100,130,80,,TRUE,FALSE,73,0,,,
2014012780,4,1,1,1,51.2,290,80,110,80,,FALSE,TRUE,0,51.2,,,
2014012780,4,2,2,3,88.9,322,100,130,100,,TRUE,FALSE,88.9,0,,,
2014012780,4,4,3,0,42.2,214,70,90,52,,FALSE,TRUE,0,42.2,,,
2014012780,4,5,4,0,47.2,174,70,90,53,,FALSE,TRUE,0,47.2,,,
2014012780,5,1,1,3,132.3,384,120,150,100,,TRUE,FALSE,132.3,0,,,
2014012780,5,4,2,0,51.2,126,70,100,55,,FALSE,TRUE,0,51.2,,,
2014012780,5,2,3,2,89.5,315,100,120,80,,TRUE,FALSE,89.5,0,,,
2014012780,5,5,4,0,48,175,70,100,45,,FALSE,TRUE,0,48,,,
2015011043,2,1,1,3,92.8,393,90,100,99,,TRUE,FALSE,92.8,0,111.9125,82.4875,29.425
2015011043,2,4,2,0,59,200,30,40,23,,FALSE,TRUE,0,59,,,
2015011043,2,5,3,1,73.9,157,30,40,30,,FALSE,TRUE,0,73.9,,,
2015011043,2,2,4,3,104.5,250,60,70,72,,TRUE,FALSE,104.5,0,,,
2015011043,3,1,1,3,72.9,195,30,40,36,,TRUE,FALSE,72.9,0,,,
2015011043,3,4,2,1,98,313,90,100,86,,FALSE,TRUE,0,98,,,
2015011043,3,2,3,3,147.3,276,70,80,61,,TRUE,FALSE,147.3,0,,,
2015011043,3,5,4,1,109,216,30,40,48,,FALSE,TRUE,0,109,,,
2015011043,4,4,1,1,136.8,242,70,80,63,,FALSE,TRUE,0,136.8,,,
2015011043,4,5,2,0,74.6,191,30,40,39,,FALSE,TRUE,0,74.6,,,
2015011043,4,1,3,3,164,318,110,120,92,,TRUE,FALSE,164,0,,,
2015011043,4,2,4,2,88.1,249,90,100,72,,TRUE,FALSE,88.1,0,,,
2015011043,5,1,1,3,125.4,349,90,100,91,,TRUE,FALSE,125.4,0,,,
2015011043,5,2,2,3,100.3,307,80,90,94,,TRUE,FALSE,100.3,0,,,
2015011043,5,4,3,0,41.8,153,30,40,41,,FALSE,TRUE,0,41.8,,,
2015011043,5,5,4,1,66.8,191,30,40,51,,FALSE,TRUE,0,66.8,,,
2015012653,2,4,1,0,105.4,128,30,40,37,,FALSE,TRUE,0,105.4,165.125,78.375,86.75
2015012653,2,5,2,0,71.5,105,20,30,26,,FALSE,TRUE,0,71.5,,,
2015012653,2,1,3,3,185.3,405,90,100,97,,TRUE,FALSE,185.3,0,,,
2015012653,2,2,4,2,158.7,362,80,90,94,,TRUE,FALSE,158.7,0,,,
2015012653,3,1,1,3,154.7,291,90,110,87,,TRUE,FALSE,154.7,0,,,
2015012653,3,4,2,1,122.4,209,50,60,62,,FALSE,TRUE,0,122.4,,,
2015012653,3,2,3,3,139.3,303,120,140,100,,TRUE,FALSE,139.3,0,,,
2015012653,3,5,4,1,89.6,197,60,80,70,,FALSE,TRUE,0,89.6,,,
2015012653,4,1,1,3,220,287,70,80,90,,TRUE,FALSE,220,0,,,
2015012653,4,2,2,3,118.8,289,80,90,75,,TRUE,FALSE,118.8,0,,,
2015012653,4,4,3,0,112.1,287,60,70,100,,FALSE,TRUE,0,112.1,,,
2015012653,4,5,4,0,51.7,137,20,30,45,,FALSE,TRUE,0,51.7,,,
2015012653,5,1,1,3,219.9,331,100,110,94,,TRUE,FALSE,219.9,0,,,
2015012653,5,4,2,0,25.7,121,20,30,25,,FALSE,TRUE,0,25.7,,,
2015012653,5,5,3,1,48.6,146,20,30,29,,FALSE,TRUE,0,48.6,,,
2015012653,5,2,4,3,124.3,402,100,120,96,,TRUE,FALSE,124.3,0,,,
2014011319,2,1,1,3,218.8,351,200,220,80,,TRUE,FALSE,218.8,0,176.7428571,85.14444444,91.5984127
2014011319,2,2,2,2,171.2,483,270,300,100,,TRUE,FALSE,171.2,0,,,
2014011319,2,4,3,0,100.4,135,70,80,39,,FALSE,TRUE,0,100.4,,,
2014011319,2,5,4,0,35.2,31,10,20,6,,FALSE,TRUE,0,35.2,,,
2014011319,3,1,1,3,266.8,434,150,160,80,,TRUE,FALSE,266.8,0,,,
2014011319,3,4,2,0,21.9,157,30,40,31,,FALSE,TRUE,0,21.9,,,
2014011319,3,2,3,0,62.2,61,20,30,12,,FALSE,TRUE,0,62.2,,,
2014011319,3,5,4,0,143.2,348,120,130,47,,FALSE,TRUE,0,143.2,,,
2014011319,4,1,1,3,46.6,145,40,60,18,,TRUE,FALSE,46.6,0,,,
2014011319,4,4,2,1,95.2,283,80,90,45,,FALSE,TRUE,0,95.2,,,
2014011319,4,5,3,0,19.2,158,20,20,9,,FALSE,TRUE,0,19.2,,,
2014011319,4,2,4,3,173.4,414,180,200,66,,TRUE,FALSE,173.4,0,,,
2014011319,5,4,1,0,135.6,154,60,60,30,,FALSE,TRUE,0,135.6,,,
2014011319,5,5,2,1,153.4,167,60,70,30,,FALSE,TRUE,0,153.4,,,
2014011319,5,1,3,3,204.9,429,200,220,99,,TRUE,FALSE,204.9,0,,,
2014011319,5,2,4,3,155.5,250,140,160,48,,TRUE,FALSE,155.5,0,,,
2015012679,2,4,1,0,59.6,199,60,80,61,,FALSE,TRUE,0,59.6,103.3222222,70.72857143,32.59365079
2015012679,2,5,2,0,70.4,231,60,80,61,,FALSE,TRUE,0,70.4,,,
2015012679,2,1,3,3,116.5,295,80,100,91,,TRUE,FALSE,116.5,0,,,
2015012679,2,2,4,3,105.2,275,80,100,88,,TRUE,FALSE,105.2,0,,,
2015012679,3,1,1,3,122.2,250,80,100,77,,TRUE,FALSE,122.2,0,,,
2015012679,3,4,2,2,104.2,186,100,120,62,,TRUE,FALSE,104.2,0,,,
2015012679,3,2,3,3,145.2,364,80,100,100,,TRUE,FALSE,145.2,0,,,
2015012679,3,5,4,1,91.5,200,70,90,82,,FALSE,TRUE,0,91.5,,,
2015012679,4,1,1,3,72.2,250,60,80,58,,TRUE,FALSE,72.2,0,,,
2015012679,4,4,2,1,70.3,269,50,70,60,,FALSE,TRUE,0,70.3,,,
2015012679,4,5,3,0,65.2,256,50,70,41,,FALSE,TRUE,0,65.2,,,
2015012679,4,2,4,3,81.3,225,60,80,58,,TRUE,FALSE,81.3,0,,,
2015012679,5,1,1,3,101.1,275,70,90,85,,TRUE,FALSE,101.1,0,,,
2015012679,5,2,2,3,82,274,80,100,89,,TRUE,FALSE,82,0,,,
2015012679,5,4,3,0,63.4,226,60,80,73,,FALSE,TRUE,0,63.4,,,
2015012679,5,5,4,1,74.7,225,70,90,71,,FALSE,TRUE,0,74.7,,,
2015012676,2,1,1,3,120.1,331,260,280,84,,TRUE,FALSE,120.1,0,79.24545455,61.94,17.30545455
2015012676,2,2,2,2,96.6,295,230,240,92,,TRUE,FALSE,96.6,0,,,
2015012676,2,4,3,2,46.4,153,60,80,33,,TRUE,FALSE,46.4,0,,,
2015012676,2,5,4,0,53.4,221,100,110,70,,FALSE,TRUE,0,53.4,,,
2015012676,3,1,1,3,92.4,250,150,170,81,,TRUE,FALSE,92.4,0,,,
2015012676,3,4,2,2,66.7,260,160,180,80,,TRUE,FALSE,66.7,0,,,
2015012676,3,5,3,2,66.1,246,150,170,77,,TRUE,FALSE,66.1,0,,,
2015012676,3,2,4,3,62.8,244,150,170,85,,TRUE,FALSE,62.8,0,,,
2015012676,4,1,1,3,90.1,306,150,170,88,,TRUE,FALSE,90.1,0,,,
2015012676,4,4,2,0,66.5,210,100,110,59,,FALSE,TRUE,0,66.5,,,
2015012676,4,2,3,3,80.6,357,140,160,80,,TRUE,FALSE,80.6,0,,,
2015012676,4,5,4,0,36.8,127,60,80,21,,FALSE,TRUE,0,36.8,,,
2015012676,5,4,1,0,50,250,130,140,37,,FALSE,TRUE,0,50,,,
2015012676,5,5,2,1,103,288,150,170,52,,FALSE,TRUE,0,103,,,
2015012676,5,1,3,3,75.7,133,200,220,86,,TRUE,FALSE,75.7,0,,,
2015012676,5,2,4,3,74.2,329,210,230,80,,TRUE,FALSE,74.2,0,,,
2015012674,2,1,1,3,158.5,379,120,160,90,,TRUE,FALSE,158.5,0,123.1714286,52.51111111,70.66031746
2015012674,2,2,2,2,115.6,329,110,140,87,,TRUE,FALSE,115.6,0,,,
2015012674,2,4,3,0,38.8,145,50,70,32,,FALSE,TRUE,0,38.8,,,
2015012674,2,5,4,0,46.1,147,30,60,35,,FALSE,TRUE,0,46.1,,,
2015012674,3,1,1,2,128.3,358,100,140,82,,TRUE,FALSE,128.3,0,,,
2015012674,3,4,2,1,76.8,306,90,130,77,,FALSE,TRUE,0,76.8,,,
2015012674,3,2,3,1,109.5,259,100,140,77,,FALSE,TRUE,0,109.5,,,
2015012674,3,5,4,0,35.7,77,30,60,16,,FALSE,TRUE,0,35.7,,,
2015012674,4,4,1,0,47.4,130,50,70,31,,FALSE,TRUE,0,47.4,,,
2015012674,4,5,2,0,70.3,130,50,70,30,,FALSE,TRUE,0,70.3,,,
2015012674,4,1,3,3,123.6,346,120,180,71,,TRUE,FALSE,123.6,0,,,
2015012674,4,2,4,3,162.9,394,140,180,78,,TRUE,FALSE,162.9,0,,,
2015012674,5,1,1,3,105.6,383,120,150,96,,TRUE,FALSE,105.6,0,,,
2015012674,5,4,2,0,23.3,135,30,60,30,,FALSE,TRUE,0,23.3,,,
2015012674,5,5,3,0,24.7,142,30,60,32,,FALSE,TRUE,0,24.7,,,
2015012674,5,2,4,3,67.7,340,110,140,96,,TRUE,FALSE,67.7,0,,,
2015012617,2,4,1,1,183.5,160,70,80,33,,FALSE,TRUE,0,183.5,195.325,101.775,93.55
2015012617,2,5,2,1,160.9,138,60,70,28,,FALSE,TRUE,0,160.9,,,
2015012617,2,1,3,3,256.5,373,160,180,94,,TRUE,FALSE,256.5,0,,,
2015012617,2,2,4,2,230.8,329,140,160,85,,TRUE,FALSE,230.8,0,,,
2015012617,3,1,1,3,177,393,140,170,100,,TRUE,FALSE,177,0,,,
2015012617,3,4,2,1,90.3,191,80,100,41,,FALSE,TRUE,0,90.3,,,
2015012617,3,5,3,1,119.9,197,80,100,43,,FALSE,TRUE,0,119.9,,,
2015012617,3,2,4,2,163.1,219,100,120,65,,TRUE,FALSE,163.1,0,,,
2015012617,4,1,1,3,203,442,150,170,100,,TRUE,FALSE,203,0,,,
2015012617,4,2,2,3,172.1,312,140,160,87,,TRUE,FALSE,172.1,0,,,
2015012617,4,4,3,0,71.5,117,50,60,35,,FALSE,TRUE,0,71.5,,,
2015012617,4,5,4,0,74.3,129,60,70,45,,FALSE,TRUE,0,74.3,,,
2015012617,5,1,1,3,207.9,377,140,160,99,,TRUE,FALSE,207.9,0,,,
2015012617,5,4,2,0,56.5,162,70,100,47,,FALSE,TRUE,0,56.5,,,
2015012617,5,2,3,3,152.2,315,130,150,93,,TRUE,FALSE,152.2,0,,,
2015012617,5,5,4,0,57.3,146,50,80,35,,FALSE,TRUE,0,57.3,,,
2015012610,2,1,1,3,203,392,100,160,100,,TRUE,FALSE,203,0,98.67777778,51.61428571,47.06349206
2015012610,2,4,2,0,36.4,125,60,110,24,,FALSE,TRUE,0,36.4,,,
2015012610,2,5,3,0,68,190,80,140,56,,FALSE,TRUE,0,68,,,
2015012610,2,2,4,2,97.6,293,100,170,80,,TRUE,FALSE,97.6,0,,,
2015012610,3,1,1,3,133.6,311,90,160,60,,TRUE,FALSE,133.6,0,,,
2015012610,3,2,2,2,69.5,240,60,120,31,,TRUE,FALSE,69.5,0,,,
2015012610,3,4,3,1,73.6,186,50,110,26,,FALSE,TRUE,0,73.6,,,
2015012610,3,5,4,1,89.1,263,70,130,48,,FALSE,TRUE,0,89.1,,,
2015012610,4,4,1,0,34.7,138,30,90,20,,FALSE,TRUE,0,34.7,,,
2015012610,4,5,2,0,25.7,174,20,70,14,,FALSE,TRUE,0,25.7,,,
2015012610,4,1,3,2,49.2,290,60,110,53,,TRUE,FALSE,49.2,0,,,
2015012610,4,2,4,3,72.1,398,50,100,41,,TRUE,FALSE,72.1,0,,,
2015012610,5,1,1,3,144.1,401,90,140,100,,TRUE,FALSE,144.1,0,,,
2015012610,5,4,2,0,33.8,131,50,110,52,,FALSE,TRUE,0,33.8,,,
2015012610,5,2,3,3,64.8,176,60,120,69,,TRUE,FALSE,64.8,0,,,
2015012610,5,5,4,2,54.2,292,80,140,81,,TRUE,FALSE,54.2,0,,,
2015012618,2,1,1,2,131.6,313,180,190,100,,TRUE,FALSE,131.6,0,118.4142857,74.52222222,43.89206349
2015012618,2,2,2,1,125.1,252,150,170,75,,FALSE,TRUE,0,125.1,,,
2015012618,2,4,3,1,97.2,229,170,190,86,,FALSE,TRUE,0,97.2,,,
2015012618,2,5,4,1,89.4,206,130,150,65,,FALSE,TRUE,0,89.4,,,
2015012618,3,4,1,1,78.7,294,170,190,76,,FALSE,TRUE,0,78.7,,,
2015012618,3,5,2,1,126.8,164,120,130,65,,FALSE,TRUE,0,126.8,,,
2015012618,3,1,3,3,173.8,265,210,230,100,,TRUE,FALSE,173.8,0,,,
2015012618,3,2,4,3,115.9,277,170,180,83,,TRUE,FALSE,115.9,0,,,
2015012618,4,1,1,3,119.4,358,110,120,91,,TRUE,FALSE,119.4,0,,,
2015012618,4,4,2,0,42.8,155,30,40,36,,FALSE,TRUE,0,42.8,,,
2015012618,4,5,3,0,33.7,124,40,50,48,,FALSE,TRUE,0,33.7,,,
2015012618,4,2,4,3,100.6,363,120,140,100,,TRUE,FALSE,100.6,0,,,
2015012618,5,1,1,3,115.8,386,120,140,100,,TRUE,FALSE,115.8,0,,,
2015012618,5,4,2,0,43,121,40,50,44,,FALSE,TRUE,0,43,,,
2015012618,5,2,3,3,71.8,332,100,110,78,,TRUE,FALSE,71.8,0,,,
2015012618,5,5,4,0,34,161,60,70,63,,FALSE,TRUE,0,34,,,
2015012811,2,4,1,0,105.4,202,120,160,75,,FALSE,TRUE,0,105.4,147.2875,83.675,63.6125
2015012811,2,5,2,0,87.2,216,120,160,77,,FALSE,TRUE,0,87.2,,,
2015012811,2,1,3,3,159.6,328,170,230,100,,TRUE,FALSE,159.6,0,,,
2015012811,2,2,4,2,103.3,254,140,190,82,,TRUE,FALSE,103.3,0,,,
2015012811,3,1,1,2,121.3,286,150,200,90,,TRUE,FALSE,121.3,0,,,
2015012811,3,2,2,2,133.8,306,160,210,100,,TRUE,FALSE,133.8,0,,,
2015012811,3,4,3,0,96.9,211,110,170,78,,FALSE,TRUE,0,96.9,,,
2015012811,3,5,4,0,98.6,197,100,150,74,,FALSE,TRUE,0,98.6,,,
2015012811,4,1,1,3,181.7,319,160,230,100,,TRUE,FALSE,181.7,0,,,
2015012811,4,4,2,0,60.4,185,100,170,62,,FALSE,TRUE,0,60.4,,,
2015012811,4,5,3,0,73.9,182,110,170,63,,FALSE,TRUE,0,73.9,,,
2015012811,4,2,4,3,166.5,314,160,230,92,,TRUE,FALSE,166.5,0,,,
2015012811,5,1,1,3,159.3,275,150,210,95,,TRUE,FALSE,159.3,0,,,
2015012811,5,4,2,0,71,210,120,180,78,,FALSE,TRUE,0,71,,,
2015012811,5,2,3,3,152.8,343,150,210,99,,TRUE,FALSE,152.8,0,,,
2015012811,5,5,4,0,76,172,120,180,75,,FALSE,TRUE,0,76,,,
2012012767,2,1,1,3,121.4,387,90,120,90,,TRUE,FALSE,121.4,0,97.1,44.61428571,52.48571429
2012012767,2,4,2,0,33.6,185,80,100,73,,FALSE,TRUE,0,33.6,,,
2012012767,2,2,3,2,75.2,308,100,130,100,,TRUE,FALSE,75.2,0,,,
2012012767,2,5,4,1,28.2,120,50,70,52,,FALSE,TRUE,0,28.2,,,
2012012767,3,4,1,2,86.2,250,70,90,88,,TRUE,FALSE,86.2,0,,,
2012012767,3,5,2,2,73.5,224,70,90,87,,TRUE,FALSE,73.5,0,,,
2012012767,3,1,3,3,102.1,305,70,100,100,,TRUE,FALSE,102.1,0,,,
2012012767,3,2,4,1,55.7,221,50,80,72,,FALSE,TRUE,0,55.7,,,
2012012767,4,1,1,3,84.6,317,80,100,96,,TRUE,FALSE,84.6,0,,,
2012012767,4,4,2,1,68.6,216,70,90,78,,FALSE,TRUE,0,68.6,,,
2012012767,4,5,3,0,37.3,190,50,70,70,,FALSE,TRUE,0,37.3,,,
2012012767,4,2,4,3,93.4,277,70,90,90,,TRUE,FALSE,93.4,0,,,
2012012767,5,1,1,3,128.5,283,90,120,90,,TRUE,FALSE,128.5,0,,,
2012012767,5,2,2,3,109,309,90,140,100,,TRUE,FALSE,109,0,,,
2012012767,5,4,3,1,46,260,80,90,77,,FALSE,TRUE,0,46,,,
2012012767,5,5,4,1,42.9,148,50,80,56,,FALSE,TRUE,0,42.9,,,
2014012759,2,1,1,2,95.7,202,70,80,79,,TRUE,FALSE,95.7,0,110.2,88.08888889,22.11111111
2014012759,2,4,2,0,66.5,336,110,120,85,,FALSE,TRUE,0,66.5,,,
2014012759,2,2,3,2,117.2,312,100,110,86,,TRUE,FALSE,117.2,0,,,
2014012759,2,5,4,0,61.1,150,60,70,73,,FALSE,TRUE,0,61.1,,,
2014012759,3,4,1,1,119.4,198,90,100,70,,FALSE,TRUE,0,119.4,,,
2014012759,3,5,2,1,129.3,310,110,120,76,,FALSE,TRUE,0,129.3,,,
2014012759,3,1,3,3,117.5,284,120,130,73,,TRUE,FALSE,117.5,0,,,
2014012759,3,2,4,1,82.1,208,80,90,65,,FALSE,TRUE,0,82.1,,,
2014012759,4,1,1,3,103.9,268,90,100,83,,TRUE,FALSE,103.9,0,,,
2014012759,4,2,2,3,96.3,361,100,110,87,,TRUE,FALSE,96.3,0,,,
2014012759,4,4,3,0,74.4,151,60,70,76,,FALSE,TRUE,0,74.4,,,
2014012759,4,5,4,0,90.6,220,70,80,78,,FALSE,TRUE,0,90.6,,,
2014012759,5,1,1,3,125.6,255,70,80,87,,TRUE,FALSE,125.6,0,,,
2014012759,5,4,2,0,79.2,316,100,110,93,,FALSE,TRUE,0,79.2,,,
2014012759,5,5,3,0,90.2,194,60,70,81,,FALSE,TRUE,0,90.2,,,
2014012759,5,2,4,3,115.2,235,80,90,90,,TRUE,FALSE,115.2,0,,,
2015012609,2,4,1,0,138.9,218,100,120,69,,FALSE,TRUE,0,138.9,135.5857143,127.3222222,8.263492063
2015012609,2,5,2,1,121.4,221,100,120,59,,FALSE,TRUE,0,121.4,,,
2015012609,2,1,3,3,135.2,298,110,130,90,,TRUE,FALSE,135.2,0,,,
2015012609,2,2,4,3,136.7,263,100,120,70,,TRUE,FALSE,136.7,0,,,
2015012609,3,1,1,3,169,273,100,120,92,,TRUE,FALSE,169,0,,,
2015012609,3,2,2,1,174.6,309,100,120,83,,FALSE,TRUE,0,174.6,,,
2015012609,3,4,3,1,132.8,235,70,90,65,,FALSE,TRUE,0,132.8,,,
2015012609,3,5,4,0,125.9,183,60,80,52,,FALSE,TRUE,0,125.9,,,
2015012609,4,1,1,3,143.7,278,110,130,87,,TRUE,FALSE,143.7,0,,,
2015012609,4,4,2,0,135.9,245,100,120,71,,FALSE,TRUE,0,135.9,,,
2015012609,4,2,3,3,127.2,269,110,130,78,,TRUE,FALSE,127.2,0,,,
2015012609,4,5,4,0,117.7,208,90,110,62,,FALSE,TRUE,0,117.7,,,
2015012609,5,1,1,3,130.5,297,110,130,92,,TRUE,FALSE,130.5,0,,,
2015012609,5,4,2,0,96.8,217,90,120,76,,FALSE,TRUE,0,96.8,,,
2015012609,5,5,3,1,101.9,222,90,120,64,,FALSE,TRUE,0,101.9,,,
2015012609,5,2,4,3,106.8,264,110,130,84,,TRUE,FALSE,106.8,0,,,
2015012642,2,1,1,3,140.7,415,120,160,73,,TRUE,FALSE,140.7,0,126.1625,23.2875,102.875
2015012642,2,4,2,0,12,71,0,20,14,,FALSE,TRUE,0,12,,,
2015012642,2,2,3,2,171.4,484,150,200,100,,TRUE,FALSE,171.4,0,,,
2015012642,2,5,4,1,7.5,30,0,10,7,,FALSE,TRUE,0,7.5,,,
2015012642,3,1,1,3,137.3,536,100,150,100,,TRUE,FALSE,137.3,0,,,
2015012642,3,2,2,2,86.7,354,90,140,80,,TRUE,FALSE,86.7,0,,,
2015012642,3,4,3,1,20.8,82,0,10,10,,FALSE,TRUE,0,20.8,,,
2015012642,3,5,4,0,7.4,28,0,10,7,,FALSE,TRUE,0,7.4,,,
2015012642,4,4,1,1,86.2,164,40,100,37,,FALSE,TRUE,0,86.2,,,
2015012642,4,5,2,0,34.3,350,140,200,100,,FALSE,TRUE,0,34.3,,,
2015012642,4,1,3,3,153.2,71,30,70,14,,TRUE,FALSE,153.2,0,,,
2015012642,4,2,4,3,199.8,415,120,200,85,,TRUE,FALSE,199.8,0,,,
2015012642,5,1,1,3,71.8,484,40,60,100,,TRUE,FALSE,71.8,0,,,
2015012642,5,4,2,1,10.1,67,0,10,8,,FALSE,TRUE,0,10.1,,,
2015012642,5,5,3,1,8,34,0,10,4,,FALSE,TRUE,0,8,,,
2015012642,5,2,4,3,48.4,415,30,50,74,,TRUE,FALSE,48.4,0,,,
2014012772,2,1,1,3,108.5,404,30,50,93,,TRUE,FALSE,108.5,0,87.3125,49.175,38.1375
2014012772,2,4,2,0,57,64,20,30,14,,FALSE,TRUE,0,57,,,
2014012772,2,2,3,2,83.5,483,30,40,100,,TRUE,FALSE,83.5,0,,,
2014012772,2,5,4,0,13.3,49,0,10,6,,FALSE,TRUE,0,13.3,,,
2014012772,3,1,1,2,82.5,267,20,40,89,,TRUE,FALSE,82.5,0,,,
2014012772,3,4,2,1,66.7,272,20,30,63,,FALSE,TRUE,0,66.7,,,
2014012772,3,5,3,1,80.6,255,20,30,70,,FALSE,TRUE,0,80.6,,,
2014012772,3,2,4,3,75.4,206,20,40,84,,TRUE,FALSE,75.4,0,,,
2014012772,4,4,1,0,91.9,278,20,40,76,,FALSE,TRUE,0,91.9,,,
2014012772,4,5,2,0,43.5,180,10,20,13,,FALSE,TRUE,0,43.5,,,
2014012772,4,1,3,3,78.4,134,30,40,42,,TRUE,FALSE,78.4,0,,,
2014012772,4,2,4,3,83.2,408,30,50,100,,TRUE,FALSE,83.2,0,,,
2014012772,5,1,1,3,101.8,328,20,40,92,,TRUE,FALSE,101.8,0,,,
2014012772,5,2,2,2,85.2,385,20,30,94,,TRUE,FALSE,85.2,0,,,
2014012772,5,4,3,0,18.7,83,0,10,8,,FALSE,TRUE,0,18.7,,,
2014012772,5,5,4,1,21.7,204,10,20,44,,FALSE,TRUE,0,21.7,,,
2015012649,2,1,1,3,91.6,232,60,70,76,,TRUE,FALSE,91.6,0,93.92222222,77.6,16.32222222
2015012649,2,4,2,0,80.3,250,70,80,85,,FALSE,TRUE,0,80.3,,,
2015012649,2,5,3,1,79.8,266,80,90,90,,FALSE,TRUE,0,79.8,,,
2015012649,2,2,4,3,109.7,252,80,90,92,,TRUE,FALSE,109.7,0,,,
2015012649,3,1,1,2,93.3,324,60,70,100,,TRUE,FALSE,93.3,0,,,
2015012649,3,4,2,1,81.7,193,40,50,57,,FALSE,TRUE,0,81.7,,,
2015012649,3,2,3,3,81.8,188,50,60,61,,TRUE,FALSE,81.8,0,,,
2015012649,3,5,4,2,91.6,295,60,70,83,,TRUE,FALSE,91.6,0,,,
2015012649,4,1,1,3,111,225,60,70,84,,TRUE,FALSE,111,0,,,
2015012649,4,2,2,1,84.8,179,50,60,65,,FALSE,TRUE,0,84.8,,,
2015012649,4,4,3,3,102.9,245,60,70,65,,TRUE,FALSE,102.9,0,,,
2015012649,4,5,4,0,89.6,351,70,80,94,,FALSE,TRUE,0,89.6,,,
2015012649,5,4,1,3,94.7,324,60,70,97,,TRUE,FALSE,94.7,0,,,
2015012649,5,5,2,3,68.7,253,50,60,68,,TRUE,FALSE,68.7,0,,,
2015012649,5,1,3,0,59.4,227,50,60,68,,FALSE,TRUE,0,59.4,,,
2015012649,5,2,4,1,67.6,196,60,70,86,,FALSE,TRUE,0,67.6,,,
2015012620,2,1,1,3,178.3,335,160,180,80,,TRUE,FALSE,178.3,0,170.9375,69.1375,101.8
2015012620,2,2,2,2,158.7,359,180,200,89,,TRUE,FALSE,158.7,0,,,
2015012620,2,4,3,0,64.4,145,60,80,33,,FALSE,TRUE,0,64.4,,,
2015012620,2,5,4,0,46.9,161,50,70,30,,FALSE,TRUE,0,46.9,,,
2015012620,3,4,1,1,111.2,273,180,210,88,,FALSE,TRUE,0,111.2,,,
2015012620,3,5,2,1,130.4,186,90,120,34,,FALSE,TRUE,0,130.4,,,
2015012620,3,1,3,3,172.3,265,160,180,73,,TRUE,FALSE,172.3,0,,,
2015012620,3,2,4,3,211.3,276,170,200,83,,TRUE,FALSE,211.3,0,,,
2015012620,4,1,1,3,84.6,333,120,150,82,,TRUE,FALSE,84.6,0,,,
2015012620,4,4,2,0,58,160,40,60,29,,FALSE,TRUE,0,58,,,
2015012620,4,2,3,3,156.1,346,120,150,80,,TRUE,FALSE,156.1,0,,,
2015012620,4,5,4,0,28.4,161,40,60,29,,FALSE,TRUE,0,28.4,,,
2015012620,5,1,1,3,213.3,325,150,180,82,,TRUE,FALSE,213.3,0,,,
2015012620,5,4,2,0,36.8,142,40,60,33,,FALSE,TRUE,0,36.8,,,
2015012620,5,5,3,0,77,163,50,70,39,,FALSE,TRUE,0,77,,,
2015012620,5,2,4,3,192.9,370,140,170,79,,TRUE,FALSE,192.9,0,,,
2015012623,2,1,1,3,202.2,299,90,120,100,,TRUE,FALSE,202.2,0,122.4285714,80.95555556,41.47301587
2015012623,2,4,2,0,60,214,60,90,80,,FALSE,TRUE,0,60,,,
2015012623,2,2,3,1,94.6,270,70,100,90,,FALSE,TRUE,0,94.6,,,
2015012623,2,5,4,0,75.9,217,60,100,82,,FALSE,TRUE,0,75.9,,,
2015012623,3,1,1,3,145.8,301,80,110,99,,TRUE,FALSE,145.8,0,,,
2015012623,3,4,2,0,101.3,204,60,90,75,,FALSE,TRUE,0,101.3,,,
2015012623,3,5,3,2,93.7,263,70,90,89,,TRUE,FALSE,93.7,0,,,
2015012623,3,2,4,1,108.8,232,60,90,85,,FALSE,TRUE,0,108.8,,,
2015012623,4,1,1,3,103,246,70,100,87,,TRUE,FALSE,103,0,,,
2015012623,4,2,2,3,114.7,287,80,110,100,,TRUE,FALSE,114.7,0,,,
2015012623,4,4,3,0,74.1,230,60,90,76,,FALSE,TRUE,0,74.1,,,
2015012623,4,5,4,0,71.2,237,60,100,83,,FALSE,TRUE,0,71.2,,,
2015012623,5,4,1,0,70.3,227,50,80,76,,FALSE,TRUE,0,70.3,,,
2015012623,5,5,2,0,72.4,227,60,90,80,,FALSE,TRUE,0,72.4,,,
2015012623,5,1,3,3,96.6,266,70,100,89,,TRUE,FALSE,96.6,0,,,
2015012623,5,2,4,3,101,280,70,110,100,,TRUE,FALSE,101,0,,,
2015012622,2,1,1,3,174.7,415,190,230,100,,TRUE,FALSE,174.7,0,160.89,75.96666667,84.92333333
2015012622,2,4,2,1,92.2,172,80,100,33,,FALSE,TRUE,0,92.2,,,
2015012622,2,5,3,0,41.2,82,20,30,15,,FALSE,TRUE,0,41.2,,,
2015012622,2,2,4,3,124.8,331,140,170,69,,TRUE,FALSE,124.8,0,,,
2015012622,3,4,1,3,207.6,295,160,200,85,,TRUE,FALSE,207.6,0,,,
2015012622,3,5,2,2,143.4,231,120,150,79,,TRUE,FALSE,143.4,0,,,
2015012622,3,1,3,3,305.3,241,130,160,70,,TRUE,FALSE,305.3,0,,,
2015012622,3,2,4,3,162.7,233,130,160,81,,TRUE,FALSE,162.7,0,,,
2015012622,4,1,1,3,78.9,401,170,210,86,,TRUE,FALSE,78.9,0,,,
2015012622,4,4,2,1,250.5,422,190,220,100,,FALSE,TRUE,0,250.5,,,
2015012622,4,2,3,3,57.3,147,40,70,20,,TRUE,FALSE,57.3,0,,,
2015012622,4,5,4,0,17,30,10,20,6,,FALSE,TRUE,0,17,,,
2015012622,5,1,1,3,251.9,406,210,240,100,,TRUE,FALSE,251.9,0,,,
2015012622,5,2,2,3,102.3,292,150,190,73,,TRUE,FALSE,102.3,0,,,
2015012622,5,4,3,0,30.8,100,20,40,10,,FALSE,TRUE,0,30.8,,,
2015012622,5,5,4,1,24.1,202,30,60,10,,FALSE,TRUE,0,24.1,,,
2015012625,2,1,1,3,258,407,160,180,100,,TRUE,FALSE,258,0,175.6375,79.55,96.0875
2015012625,2,2,2,2,225.3,286,150,170,95,,TRUE,FALSE,225.3,0,,,
2015012625,2,4,3,0,44.9,150,30,40,14,,FALSE,TRUE,0,44.9,,,
2015012625,2,5,4,0,100.1,157,60,80,37,,FALSE,TRUE,0,100.1,,,
2015012625,3,1,1,3,200.4,314,160,180,87,,TRUE,FALSE,200.4,0,,,
2015012625,3,4,2,1,110.1,193,100,110,47,,FALSE,TRUE,0,110.1,,,
2015012625,3,5,3,1,72.7,190,110,140,52,,FALSE,TRUE,0,72.7,,,
2015012625,3,2,4,2,138.7,303,160,180,85,,TRUE,FALSE,138.7,0,,,
2015012625,4,4,1,1,95.4,144,60,80,19,,FALSE,TRUE,0,95.4,,,
2015012625,4,5,2,1,74.9,131,60,80,16,,FALSE,TRUE,0,74.9,,,
2015012625,4,1,3,3,146.8,314,150,170,71,,TRUE,FALSE,146.8,0,,,
2015012625,4,2,4,3,131,411,160,180,81,,TRUE,FALSE,131,0,,,
2015012625,5,1,1,3,137.1,348,150,170,81,,TRUE,FALSE,137.1,0,,,
2015012625,5,4,2,0,47.7,122,60,70,21,,FALSE,TRUE,0,47.7,,,
2015012625,5,2,3,3,167.8,315,160,180,86,,TRUE,FALSE,167.8,0,,,
2015012625,5,5,4,1,90.6,215,130,150,66,,FALSE,TRUE,0,90.6,,,
2015012624,2,1,1,3,180.4,365,90,150,80,,TRUE,FALSE,180.4,0,186.3285714,72.04444444,114.284127
2015012624,2,4,2,0,65.9,144,70,100,54,,FALSE,TRUE,0,65.9,,,
2015012624,2,2,3,3,161.7,349,100,170,89,,TRUE,FALSE,161.7,0,,,
2015012624,2,5,4,1,61.2,142,30,70,48,,FALSE,TRUE,0,61.2,,,
2015012624,3,1,1,3,254.5,454,130,200,100,,TRUE,FALSE,254.5,0,,,
2015012624,3,2,2,1,70.6,209,60,120,56,,FALSE,TRUE,0,70.6,,,
2015012624,3,4,3,0,45,144,50,110,53,,FALSE,TRUE,0,45,,,
2015012624,3,5,4,1,91.5,193,50,100,56,,FALSE,TRUE,0,91.5,,,
2015012624,4,1,1,3,176.4,331,80,130,90,,TRUE,FALSE,176.4,0,,,
2015012624,4,4,2,0,79.2,154,60,90,62,,FALSE,TRUE,0,79.2,,,
2015012624,4,5,3,0,67.1,159,60,90,58,,FALSE,TRUE,0,67.1,,,
2015012624,4,2,4,3,182.4,356,80,130,91,,TRUE,FALSE,182.4,0,,,
2015012624,5,4,1,0,76.7,186,50,90,46,,FALSE,TRUE,0,76.7,,,
2015012624,5,5,2,1,91.2,162,40,80,56,,FALSE,TRUE,0,91.2,,,
2015012624,5,1,3,3,220.8,343,90,170,85,,TRUE,FALSE,220.8,0,,,
2015012624,5,2,4,3,128.1,309,80,150,82,,TRUE,FALSE,128.1,0,,,
2015012828,2,4,1,0,21.7,150,90,140,65,,FALSE,TRUE,0,21.7,159.475,129.15,30.325
2015012828,2,5,2,0,118,318,130,180,93,,FALSE,TRUE,0,118,,,
2015012828,2,1,3,3,72.8,170,120,180,83,,TRUE,FALSE,72.8,0,,,
2015012828,2,2,4,2,109.4,362,90,120,69,,TRUE,FALSE,109.4,0,,,
2015012828,3,1,1,3,209.3,259,140,170,83,,TRUE,FALSE,209.3,0,,,
2015012828,3,4,2,1,135.5,214,120,130,71,,FALSE,TRUE,0,135.5,,,
2015012828,3,5,3,1,194.7,283,150,170,80,,FALSE,TRUE,0,194.7,,,
2015012828,3,2,4,2,203.5,244,130,150,85,,TRUE,FALSE,203.5,0,,,
2015012828,4,1,1,3,213,349,230,250,89,,TRUE,FALSE,213,0,,,
2015012828,4,4,2,1,135.9,146,160,180,64,,FALSE,TRUE,0,135.9,,,
2015012828,4,2,3,3,149.5,335,240,250,94,,TRUE,FALSE,149.5,0,,,
2015012828,4,5,4,0,152.1,170,160,190,52,,FALSE,TRUE,0,152.1,,,
2015012828,5,1,1,3,182.7,286,190,220,87,,TRUE,FALSE,182.7,0,,,
2015012828,5,2,2,3,135.6,221,110,140,63,,TRUE,FALSE,135.6,0,,,
2015012828,5,4,3,0,147.5,340,200,230,86,,FALSE,TRUE,0,147.5,,,
2015012828,5,5,4,0,127.8,153,80,110,52,,FALSE,TRUE,0,127.8,,,
2011012756,2,1,1,3,99.9,426,40,60,100,,TRUE,FALSE,99.9,0,70.675,21.9875,48.6875
2011012756,2,4,2,0,18.9,120,10,20,26,,FALSE,TRUE,0,18.9,,,
2011012756,2,5,3,1,21.8,98,10,20,26,,FALSE,TRUE,0,21.8,,,
2011012756,2,2,4,2,57.1,356,30,40,92,,TRUE,FALSE,57.1,0,,,
2011012756,3,1,1,3,101.9,495,30,40,100,,TRUE,FALSE,101.9,0,,,
2011012756,3,2,2,2,31.3,317,20,30,80,,TRUE,FALSE,31.3,0,,,
2011012756,3,4,3,1,14.5,83,10,20,10,,FALSE,TRUE,0,14.5,,,
2011012756,3,5,4,0,31.3,105,10,20,24,,FALSE,TRUE,0,31.3,,,
2011012756,4,1,1,3,66,404,50,60,100,,TRUE,FALSE,66,0,,,
2011012756,4,4,2,0,46.4,285,30,40,38,,FALSE,TRUE,0,46.4,,,
2011012756,4,2,3,3,86.6,253,30,40,38,,TRUE,FALSE,86.6,0,,,
2011012756,4,5,4,0,8,58,10,20,6,,FALSE,TRUE,0,8,,,
2011012756,5,4,1,0,16.8,119,20,30,17,,FALSE,TRUE,0,16.8,,,
2011012756,5,5,2,0,18.2,123,10,20,17,,FALSE,TRUE,0,18.2,,,
2011012756,5,1,3,3,91.9,553,40,50,100,,TRUE,FALSE,91.9,0,,,
2011012756,5,2,4,3,30.7,205,20,30,32,,TRUE,FALSE,30.7,0,,,