id,studentid,jobid,action,content
1,2012310575,0,BEGIN_CALIBRATION,TIMESTAMP=1445937713423	USER=2012310575	JOBID=0	ACTION=BEGIN_CALIBRATION	INFO:
2,2012310575,0,END_CALIBRATION,TIMESTAMP=1445937742526	USER=2012310575	JOBID=0	ACTION=END_CALIBRATION	INFO:
3,2012310575,0,BEGIN_READING,TIMESTAMP=1445937784666	USER=2012310575	JOBID=0	ACTION=BEGIN_READING	INFO: CURRENT_DOC=1
4,2012310575,0,END_READING,TIMESTAMP=1445937796142	USER=2012310575	JOBID=0	ACTION=END_READING	INFO: CURRENT_DOC=1
5,2012310575,0,TIME_ESTIMATION,TIMESTAMP=1445937810086	USER=2012310575	JOBID=0	ACTION=TIME_ESTIMATION	INFO: CURRENT_DOC=1 ET=15
6,2012310575,0,TIME_ESTIMATION,TIMESTAMP=1445937811046	USER=2012310575	JOBID=0	ACTION=TIME_ESTIMATION	INFO: CURRENT_DOC=1 ET=15
7,2012310575,0,BEGIN_READING,TIMESTAMP=1445937815363	USER=2012310575	JOBID=0	ACTION=BEGIN_READING	INFO: CURRENT_DOC=2
8,2012310575,0,END_READING,TIMESTAMP=1445937817093	USER=2012310575	JOBID=0	ACTION=END_READING	INFO: CURRENT_DOC=2
9,2012310575,0,TIME_ESTIMATION,TIMESTAMP=1445937817957	USER=2012310575	JOBID=0	ACTION=TIME_ESTIMATION	INFO: CURRENT_DOC=2 ET=0
10,2012310575,0,BEGIN_READING,TIMESTAMP=1445937820807	USER=2012310575	JOBID=0	ACTION=BEGIN_READING	INFO: CURRENT_DOC=3
11,2012310575,0,END_READING,TIMESTAMP=1445937822253	USER=2012310575	JOBID=0	ACTION=END_READING	INFO: CURRENT_DOC=3
12,2012310575,0,TIME_ESTIMATION,TIMESTAMP=1445937823181	USER=2012310575	JOBID=0	ACTION=TIME_ESTIMATION	INFO: CURRENT_DOC=3 ET=0
13,2012310575,0,BEGIN_READING,TIMESTAMP=1445937824760	USER=2012310575	JOBID=0	ACTION=BEGIN_READING	INFO: CURRENT_DOC=4
14,2012310575,0,END_READING,TIMESTAMP=1445937826214	USER=2012310575	JOBID=0	ACTION=END_READING	INFO: CURRENT_DOC=4
15,2012310575,0,TIME_ESTIMATION,TIMESTAMP=1445937828270	USER=2012310575	JOBID=0	ACTION=TIME_ESTIMATION	INFO: CURRENT_DOC=4 ET=8
16,2015011315,0,BEGIN_CALIBRATION,TIMESTAMP=1445937917045	USER=2015011315	JOBID=0	ACTION=BEGIN_CALIBRATION	INFO:
17,2015011315,0,END_CALIBRATION,TIMESTAMP=1445937975476	USER=2015011315	JOBID=0	ACTION=END_CALIBRATION	INFO:
18,2015011315,0,BEGIN_READING,TIMESTAMP=1445937990383	USER=2015011315	JOBID=0	ACTION=BEGIN_READING	INFO: CURRENT_DOC=1
19,2015011315,0,END_READING,TIMESTAMP=1445938074019	USER=2015011315	JOBID=0	ACTION=END_READING	INFO: CURRENT_DOC=1
20,2015011315,0,TIME_ESTIMATION,TIMESTAMP=1445938088924	USER=2015011315	JOBID=0	ACTION=TIME_ESTIMATION	INFO: CURRENT_DOC=1 ET=86
21,2015011315,0,BEGIN_READING,TIMESTAMP=1445938092894	USER=2015011315	JOBID=0	ACTION=BEGIN_READING	INFO: CURRENT_DOC=2
22,2015011315,0,END_READING,TIMESTAMP=1445938162731	USER=2015011315	JOBID=0	ACTION=END_READING	INFO: CURRENT_DOC=2
23,2015011315,0,TIME_ESTIMATION,TIMESTAMP=1445938169562	USER=2015011315	JOBID=0	ACTION=TIME_ESTIMATION	INFO: CURRENT_DOC=2 ET=44
24,2015011315,0,BEGIN_READING,TIMESTAMP=1445938171988	USER=2015011315	JOBID=0	ACTION=BEGIN_READING	INFO: CURRENT_DOC=3
25,2015011315,0,END_READING,TIMESTAMP=1445938237554	USER=2015011315	JOBID=0	ACTION=END_READING	INFO: CURRENT_DOC=3
26,2015011315,0,TIME_ESTIMATION,TIMESTAMP=1445938250290	USER=2015011315	JOBID=0	ACTION=TIME_ESTIMATION	INFO: CURRENT_DOC=3 ET=46
27,2015011315,0,BEGIN_READING,TIMESTAMP=1445938253381	USER=2015011315	JOBID=0	ACTION=BEGIN_READING	INFO: CURRENT_DOC=4
28,2015011315,0,END_READING,TIMESTAMP=1445938330761	USER=2015011315	JOBID=0	ACTION=END_READING	INFO: CURRENT_DOC=4
29,2015011315,0,TIME_ESTIMATION,TIMESTAMP=1445938338409	USER=2015011315	JOBID=0	ACTION=TIME_ESTIMATION	INFO: CURRENT_DOC=4 ET=72
30,2015011315,1,BEGIN_CALIBRATION,TIMESTAMP=1445938375962	USER=2015011315	JOBID=1	ACTION=BEGIN_CALIBRATION	INFO:
31,2015011315,1,END_CALIBRATION,TIMESTAMP=1445938415234	USER=2015011315	JOBID=1	ACTION=END_CALIBRATION	INFO:
32,2015011315,1,BEGIN_READING,TIMESTAMP=1445938419350	USER=2015011315	JOBID=1	ACTION=BEGIN_READING	INFO: CURRENT_DOC=1
33,2015011315,1,END_READING,TIMESTAMP=1445938512384	USER=2015011315	JOBID=1	ACTION=END_READING	INFO: CURRENT_DOC=1
34,2015011315,1,TIME_ESTIMATION,TIMESTAMP=1445938525144	USER=2015011315	JOBID=1	ACTION=TIME_ESTIMATION	INFO: CURRENT_DOC=1 ET=56
35,2015011315,1,BEGIN_READING,TIMESTAMP=1445938528947	USER=2015011315	JOBID=1	ACTION=BEGIN_READING	INFO: CURRENT_DOC=2
36,2015011315,1,END_READING,TIMESTAMP=1445938596975	USER=2015011315	JOBID=1	ACTION=END_READING	INFO: CURRENT_DOC=2
37,2015011315,1,TIME_ESTIMATION,TIMESTAMP=1445938603823	USER=2015011315	JOBID=1	ACTION=TIME_ESTIMATION	INFO: CURRENT_DOC=2 ET=37
38,2015011315,1,BEGIN_READING,TIMESTAMP=1445938606513	USER=2015011315	JOBID=1	ACTION=BEGIN_READING	INFO: CURRENT_DOC=3
39,2015011315,1,END_READING,TIMESTAMP=1445938675943	USER=2015011315	JOBID=1	ACTION=END_READING	INFO: CURRENT_DOC=3
40,2015011315,1,TIME_ESTIMATION,TIMESTAMP=1445938688399	USER=2015011315	JOBID=1	ACTION=TIME_ESTIMATION	INFO: CURRENT_DOC=3 ET=36
41,2015011315,1,BEGIN_READING,TIMESTAMP=1445938691969	USER=2015011315	JOBID=1	ACTION=BEGIN_READING	INFO: CURRENT_DOC=4
42,2015011315,1,END_READING,TIMESTAMP=1445938747279	USER=2015011315	JOBID=1	ACTION=END_READING	INFO: CURRENT_DOC=4
43,2015011315,1,TIME_ESTIMATION,TIMESTAMP=1445938757487	USER=2015011315	JOBID=1	ACTION=TIME_ESTIMATION	INFO: CURRENT_DOC=4 ET=36
44,2015011315,2,BEGIN_CALIBRATION,TIMESTAMP=1445938778224	USER=2015011315	JOBID=2	ACTION=BEGIN_CALIBRATION	INFO:
45,2015011315,2,END_CALIBRATION,TIMESTAMP=1445938842302	USER=2015011315	JOBID=2	ACTION=END_CALIBRATION	INFO:
46,2015011315,2,BEGIN_READING,TIMESTAMP=1445938845579	USER=2015011315	JOBID=2	ACTION=BEGIN_READING	INFO: CURRENT_DOC=1
47,2015011315,2,END_READING,TIMESTAMP=1445938912853	USER=2015011315	JOBID=2	ACTION=END_READING	INFO: CURRENT_DOC=1
48,2015011315,2,TIME_ESTIMATION,TIMESTAMP=1445938919773	USER=2015011315	JOBID=2	ACTION=TIME_ESTIMATION	INFO: CURRENT_DOC=1 ET=54
49,2015011315,2,BEGIN_READING,TIMESTAMP=1445938922762	USER=2015011315	JOBID=2	ACTION=BEGIN_READING	INFO: CURRENT_DOC=2
50,2015011315,2,END_READING,TIMESTAMP=1445938957172	USER=2015011315	JOBID=2	ACTION=END_READING	INFO: CURRENT_DOC=2
51,2015011315,2,TIME_ESTIMATION,TIMESTAMP=1445938964213	USER=2015011315	JOBID=2	ACTION=TIME_ESTIMATION	INFO: CURRENT_DOC=2 ET=31
52,2015011315,2,BEGIN_READING,TIMESTAMP=1445938967038	USER=2015011315	JOBID=2	ACTION=BEGIN_READING	INFO: CURRENT_DOC=3
53,2015011315,2,END_READING,TIMESTAMP=1445939008485	USER=2015011315	JOBID=2	ACTION=END_READING	INFO: CURRENT_DOC=3
54,2015011315,2,TIME_ESTIMATION,TIMESTAMP=1445939018005	USER=2015011315	JOBID=2	ACTION=TIME_ESTIMATION	INFO: CURRENT_DOC=3 ET=27
55,2015011315,2,BEGIN_READING,TIMESTAMP=1445939020039	USER=2015011315	JOBID=2	ACTION=BEGIN_READING	INFO: CURRENT_DOC=4
56,2015011315,2,END_READING,TIMESTAMP=1445939141635	USER=2015011315	JOBID=2	ACTION=END_READING	INFO: CURRENT_DOC=4
57,2015011315,2,TIME_ESTIMATION,TIMESTAMP=1445939152660	USER=2015011315	JOBID=2	ACTION=TIME_ESTIMATION	INFO: CURRENT_DOC=4 ET=91
58,2015011315,3,BEGIN_CALIBRATION,TIMESTAMP=1445939188300	USER=2015011315	JOBID=3	ACTION=BEGIN_CALIBRATION	INFO:
59,2015011315,3,END_CALIBRATION,TIMESTAMP=1445939231316	USER=2015011315	JOBID=3	ACTION=END_CALIBRATION	INFO:
60,2015011315,3,BEGIN_READING,TIMESTAMP=1445939236263	USER=2015011315	JOBID=3	ACTION=BEGIN_READING	INFO: CURRENT_DOC=1
61,2015011315,3,END_READING,TIMESTAMP=1445939287124	USER=2015011315	JOBID=3	ACTION=END_READING	INFO: CURRENT_DOC=1
62,2015011315,3,TIME_ESTIMATION,TIMESTAMP=1445939292692	USER=2015011315	JOBID=3	ACTION=TIME_ESTIMATION	INFO: CURRENT_DOC=1 ET=48
63,2015011315,3,BEGIN_READING,TIMESTAMP=1445939294775	USER=2015011315	JOBID=3	ACTION=BEGIN_READING	INFO: CURRENT_DOC=2
64,2015011315,3,END_READING,TIMESTAMP=1445939431834	USER=2015011315	JOBID=3	ACTION=END_READING	INFO: CURRENT_DOC=2
65,2015011315,3,TIME_ESTIMATION,TIMESTAMP=1445939438810	USER=2015011315	JOBID=3	ACTION=TIME_ESTIMATION	INFO: CURRENT_DOC=2 ET=87
66,2015011315,3,BEGIN_READING,TIMESTAMP=1445939441571	USER=2015011315	JOBID=3	ACTION=BEGIN_READING	INFO: CURRENT_DOC=3
67,2015011315,3,END_READING,TIMESTAMP=1445939533849	USER=2015011315	JOBID=3	ACTION=END_READING	INFO: CURRENT_DOC=3
68,2015011315,3,TIME_ESTIMATION,TIMESTAMP=1445939540793	USER=2015011315	JOBID=3	ACTION=TIME_ESTIMATION	INFO: CURRENT_DOC=3 ET=74
69,2015011315,3,BEGIN_READING,TIMESTAMP=1445939543723	USER=2015011315	JOBID=3	ACTION=BEGIN_READING	INFO: CURRENT_DOC=4
70,2015011315,3,END_READING,TIMESTAMP=1445939586473	USER=2015011315	JOBID=3	ACTION=END_READING	INFO: CURRENT_DOC=4
71,2015011315,3,TIME_ESTIMATION,TIMESTAMP=1445939591369	USER=2015011315	JOBID=3	ACTION=TIME_ESTIMATION	INFO: CURRENT_DOC=4 ET=27
72,2015011315,4,BEGIN_CALIBRATION,TIMESTAMP=1445939641057	USER=2015011315	JOBID=4	ACTION=BEGIN_CALIBRATION	INFO:
73,2015011315,4,END_CALIBRATION,TIMESTAMP=1445939714080	USER=2015011315	JOBID=4	ACTION=END_CALIBRATION	INFO:
74,2015011315,4,BEGIN_READING,TIMESTAMP=1445939718945	USER=2015011315	JOBID=4	ACTION=BEGIN_READING	INFO: CURRENT_DOC=1
75,2015011315,4,END_READING,TIMESTAMP=1445939754616	USER=2015011315	JOBID=4	ACTION=END_READING	INFO: CURRENT_DOC=1
76,2015011315,4,TIME_ESTIMATION,TIMESTAMP=1445939763240	USER=2015011315	JOBID=4	ACTION=TIME_ESTIMATION	INFO: CURRENT_DOC=1 ET=28
77,2015011315,4,BEGIN_READING,TIMESTAMP=1445939765384	USER=2015011315	JOBID=4	ACTION=BEGIN_READING	INFO: CURRENT_DOC=2
78,2015011315,4,END_READING,TIMESTAMP=1445939818556	USER=2015011315	JOBID=4	ACTION=END_READING	INFO: CURRENT_DOC=2
79,2015011315,4,TIME_ESTIMATION,TIMESTAMP=1445939829902	USER=2015011315	JOBID=4	ACTION=TIME_ESTIMATION	INFO: CURRENT_DOC=2 ET=33
80,2015011315,4,BEGIN_READING,TIMESTAMP=1445939831985	USER=2015011315	JOBID=4	ACTION=BEGIN_READING	INFO: CURRENT_DOC=3
81,2015011315,4,END_READING,TIMESTAMP=1445939876550	USER=2015011315	JOBID=4	ACTION=END_READING	INFO: CURRENT_DOC=3
82,2015011315,4,TIME_ESTIMATION,TIMESTAMP=1445939886601	USER=2015011315	JOBID=4	ACTION=TIME_ESTIMATION	INFO: CURRENT_DOC=3 ET=31
83,2015011315,4,BEGIN_READING,TIMESTAMP=1445939889009	USER=2015011315	JOBID=4	ACTION=BEGIN_READING	INFO: CURRENT_DOC=4
84,2015011315,4,END_READING,TIMESTAMP=1445939967214	USER=2015011315	JOBID=4	ACTION=END_READING	INFO: CURRENT_DOC=4
85,2015011315,4,TIME_ESTIMATION,TIMESTAMP=1445939975735	USER=2015011315	JOBID=4	ACTION=TIME_ESTIMATION	INFO: CURRENT_DOC=4 ET=41
86,2012012172,0,BEGIN_CALIBRATION,TIMESTAMP=1445940320899	USER=2012012172	JOBID=0	ACTION=BEGIN_CALIBRATION	INFO:
87,2012012172,0,END_CALIBRATION,TIMESTAMP=1445940338284	USER=2012012172	JOBID=0	ACTION=END_CALIBRATION	INFO:
88,2012012172,0,BEGIN_READING,TIMESTAMP=1445940424858	USER=2012012172	JOBID=0	ACTION=BEGIN_READING	INFO: CURRENT_DOC=1
89,2012012172,0,END_READING,TIMESTAMP=1445940443067	USER=2012012172	JOBID=0	ACTION=END_READING	INFO: CURRENT_DOC=1
90,2012012172,0,TIME_ESTIMATION,TIMESTAMP=1445940458315	USER=2012012172	JOBID=0	ACTION=TIME_ESTIMATION	INFO: CURRENT_DOC=1 ET=70
91,2012012172,0,BEGIN_READING,TIMESTAMP=1445940461539	USER=2012012172	JOBID=0	ACTION=BEGIN_READING	INFO: CURRENT_DOC=2
92,2012012172,0,END_READING,TIMESTAMP=1445940463899	USER=2012012172	JOBID=0	ACTION=END_READING	INFO: CURRENT_DOC=2
93,2012012172,0,TIME_ESTIMATION,TIMESTAMP=1445940464915	USER=2012012172	JOBID=0	ACTION=TIME_ESTIMATION	INFO: CURRENT_DOC=2 ET=0
94,2012012172,0,BEGIN_READING,TIMESTAMP=1445940466957	USER=2012012172	JOBID=0	ACTION=BEGIN_READING	INFO: CURRENT_DOC=3
95,2012012172,0,END_READING,TIMESTAMP=1445940469027	USER=2012012172	JOBID=0	ACTION=END_READING	INFO: CURRENT_DOC=3
96,2012012172,0,TIME_ESTIMATION,TIMESTAMP=1445940471747	USER=2012012172	JOBID=0	ACTION=TIME_ESTIMATION	INFO: CURRENT_DOC=3 ET=163
97,2012012172,0,BEGIN_READING,TIMESTAMP=1445940475226	USER=2012012172	JOBID=0	ACTION=BEGIN_READING	INFO: CURRENT_DOC=4
98,2012012172,0,END_READING,TIMESTAMP=1445940477010	USER=2012012172	JOBID=0	ACTION=END_READING	INFO: CURRENT_DOC=4
99,2012012172,0,TIME_ESTIMATION,TIMESTAMP=1445940478162	USER=2012012172	JOBID=0	ACTION=TIME_ESTIMATION	INFO: CURRENT_DOC=4 ET=0
100,2012011880,0,BEGIN_CALIBRATION,TIMESTAMP=1445940586035	USER=2012011880	JOBID=0	ACTION=BEGIN_CALIBRATION	INFO:
101,2012011880,0,END_CALIBRATION,TIMESTAMP=1445940671865	USER=2012011880	JOBID=0	ACTION=END_CALIBRATION	INFO:
102,2012011880,0,BEGIN_READING,TIMESTAMP=1445940685062	USER=2012011880	JOBID=0	ACTION=BEGIN_READING	INFO: CURRENT_DOC=1
103,2012011880,0,END_READING,TIMESTAMP=1445940769113	USER=2012011880	JOBID=0	ACTION=END_READING	INFO: CURRENT_DOC=1
104,2012011880,0,TIME_ESTIMATION,TIMESTAMP=1445940783241	USER=2012011880	JOBID=0	ACTION=TIME_ESTIMATION	INFO: CURRENT_DOC=1 ET=111
105,2012011880,0,TIME_ESTIMATION,TIMESTAMP=1445940786249	USER=2012011880	JOBID=0	ACTION=TIME_ESTIMATION	INFO: CURRENT_DOC=1 ET=111
106,2012011880,0,BEGIN_READING,TIMESTAMP=1445940791259	USER=2012011880	JOBID=0	ACTION=BEGIN_READING	INFO: CURRENT_DOC=2
107,2012011880,0,END_READING,TIMESTAMP=1445940857481	USER=2012011880	JOBID=0	ACTION=END_READING	INFO: CURRENT_DOC=2
108,2012011880,0,TIME_ESTIMATION,TIMESTAMP=1445940864383	USER=2012011880	JOBID=0	ACTION=TIME_ESTIMATION	INFO: CURRENT_DOC=2 ET=78
109,2012011880,0,BEGIN_READING,TIMESTAMP=1445940869195	USER=2012011880	JOBID=0	ACTION=BEGIN_READING	INFO: CURRENT_DOC=3
110,2012011880,0,END_READING,TIMESTAMP=1445940939151	USER=2012011880	JOBID=0	ACTION=END_READING	INFO: CURRENT_DOC=3
111,2012011880,0,TIME_ESTIMATION,TIMESTAMP=1445940945262	USER=2012011880	JOBID=0	ACTION=TIME_ESTIMATION	INFO: CURRENT_DOC=3 ET=81
112,2012011880,0,BEGIN_READING,TIMESTAMP=1445940948357	USER=2012011880	JOBID=0	ACTION=BEGIN_READING	INFO: CURRENT_DOC=4
113,2012011880,0,END_READING,TIMESTAMP=1445941012606	USER=2012011880	JOBID=0	ACTION=END_READING	INFO: CURRENT_DOC=4
114,2012011880,0,TIME_ESTIMATION,TIMESTAMP=1445941021941	USER=2012011880	JOBID=0	ACTION=TIME_ESTIMATION	INFO: CURRENT_DOC=4 ET=70
115,2012011880,1,BEGIN_CALIBRATION,TIMESTAMP=1445941069383	USER=2012011880	JOBID=1	ACTION=BEGIN_CALIBRATION	INFO:
116,2012011880,1,END_CALIBRATION,TIMESTAMP=1445941119031	USER=2012011880	JOBID=1	ACTION=END_CALIBRATION	INFO:
117,2012011880,1,BEGIN_READING,TIMESTAMP=1445941123384	USER=2012011880	JOBID=1	ACTION=BEGIN_READING	INFO: CURRENT_DOC=1
118,2012011880,1,END_READING,TIMESTAMP=1445941274349	USER=2012011880	JOBID=1	ACTION=END_READING	INFO: CURRENT_DOC=1
119,2012011880,1,TIME_ESTIMATION,TIMESTAMP=1445941284077	USER=2012011880	JOBID=1	ACTION=TIME_ESTIMATION	INFO: CURRENT_DOC=1 ET=130
120,2012011880,1,BEGIN_READING,TIMESTAMP=1445941286759	USER=2012011880	JOBID=1	ACTION=BEGIN_READING	INFO: CURRENT_DOC=2
121,2012011880,1,END_READING,TIMESTAMP=1445941392860	USER=2012011880	JOBID=1	ACTION=END_READING	INFO: CURRENT_DOC=2
122,2012011880,1,TIME_ESTIMATION,TIMESTAMP=1445941401115	USER=2012011880	JOBID=1	ACTION=TIME_ESTIMATION	INFO: CURRENT_DOC=2 ET=81
123,2012011880,1,BEGIN_READING,TIMESTAMP=1445941403533	USER=2012011880	JOBID=1	ACTION=BEGIN_READING	INFO: CURRENT_DOC=3
124,2012011880,1,END_READING,TIMESTAMP=1445941478595	USER=2012011880	JOBID=1	ACTION=END_READING	INFO: CURRENT_DOC=3
125,2012011880,1,TIME_ESTIMATION,TIMESTAMP=1445941487682	USER=2012011880	JOBID=1	ACTION=TIME_ESTIMATION	INFO: CURRENT_DOC=3 ET=50
126,2012011880,1,BEGIN_READING,TIMESTAMP=1445941490449	USER=2012011880	JOBID=1	ACTION=BEGIN_READING	INFO: CURRENT_DOC=4
127,2012011880,1,END_READING,TIMESTAMP=1445941590475	USER=2012011880	JOBID=1	ACTION=END_READING	INFO: CURRENT_DOC=4
128,2012011880,1,TIME_ESTIMATION,TIMESTAMP=1445941598546	USER=2012011880	JOBID=1	ACTION=TIME_ESTIMATION	INFO: CURRENT_DOC=4 ET=60
129,2012011880,2,BEGIN_CALIBRATION,TIMESTAMP=1445941624100	USER=2012011880	JOBID=2	ACTION=BEGIN_CALIBRATION	INFO:
130,2012011880,2,END_CALIBRATION,TIMESTAMP=1445941726091	USER=2012011880	JOBID=2	ACTION=END_CALIBRATION	INFO:
131,2012011880,2,BEGIN_READING,TIMESTAMP=1445941730349	USER=2012011880	JOBID=2	ACTION=BEGIN_READING	INFO: CURRENT_DOC=1
132,2012011880,2,END_READING,TIMESTAMP=1445941796089	USER=2012011880	JOBID=2	ACTION=END_READING	INFO: CURRENT_DOC=1
133,2012011880,2,TIME_ESTIMATION,TIMESTAMP=1445941807008	USER=2012011880	JOBID=2	ACTION=TIME_ESTIMATION	INFO: CURRENT_DOC=1 ET=63
134,2012011880,2,BEGIN_READING,TIMESTAMP=1445941808995	USER=2012011880	JOBID=2	ACTION=BEGIN_READING	INFO: CURRENT_DOC=2
135,2012011880,2,END_READING,TIMESTAMP=1445941848920	USER=2012011880	JOBID=2	ACTION=END_READING	INFO: CURRENT_DOC=2
136,2012011880,2,TIME_ESTIMATION,TIMESTAMP=1445941859465	USER=2012011880	JOBID=2	ACTION=TIME_ESTIMATION	INFO: CURRENT_DOC=2 ET=36
137,2012011880,2,BEGIN_READING,TIMESTAMP=1445941861723	USER=2012011880	JOBID=2	ACTION=BEGIN_READING	INFO: CURRENT_DOC=3
138,2012011880,2,END_READING,TIMESTAMP=1445941912728	USER=2012011880	JOBID=2	ACTION=END_READING	INFO: CURRENT_DOC=3
139,2012011880,2,TIME_ESTIMATION,TIMESTAMP=1445941923935	USER=2012011880	JOBID=2	ACTION=TIME_ESTIMATION	INFO: CURRENT_DOC=3 ET=48
140,2012011880,2,BEGIN_READING,TIMESTAMP=1445941926385	USER=2012011880	JOBID=2	ACTION=BEGIN_READING	INFO: CURRENT_DOC=4
141,2012011880,2,END_READING,TIMESTAMP=1445942044857	USER=2012011880	JOBID=2	ACTION=END_READING	INFO: CURRENT_DOC=4
142,2012011880,2,TIME_ESTIMATION,TIMESTAMP=1445942051599	USER=2012011880	JOBID=2	ACTION=TIME_ESTIMATION	INFO: CURRENT_DOC=4 ET=80
143,2012011880,3,BEGIN_CALIBRATION,TIMESTAMP=1445942088113	USER=2012011880	JOBID=3	ACTION=BEGIN_CALIBRATION	INFO:
144,2012011880,3,END_CALIBRATION,TIMESTAMP=1445942140871	USER=2012011880	JOBID=3	ACTION=END_CALIBRATION	INFO:
145,2012011880,3,BEGIN_READING,TIMESTAMP=1445942147073	USER=2012011880	JOBID=3	ACTION=BEGIN_READING	INFO: CURRENT_DOC=1
146,2012011880,3,END_READING,TIMESTAMP=1445942234247	USER=2012011880	JOBID=3	ACTION=END_READING	INFO: CURRENT_DOC=1
147,2012011880,3,TIME_ESTIMATION,TIMESTAMP=1445942241445	USER=2012011880	JOBID=3	ACTION=TIME_ESTIMATION	INFO: CURRENT_DOC=1 ET=81
148,2012011880,3,BEGIN_READING,TIMESTAMP=1445942244233	USER=2012011880	JOBID=3	ACTION=BEGIN_READING	INFO: CURRENT_DOC=2
149,2012011880,3,END_READING,TIMESTAMP=1445942440461	USER=2012011880	JOBID=3	ACTION=END_READING	INFO: CURRENT_DOC=2
150,2012011880,3,TIME_ESTIMATION,TIMESTAMP=1445942449036	USER=2012011880	JOBID=3	ACTION=TIME_ESTIMATION	INFO: CURRENT_DOC=2 ET=130
151,2012011880,3,TIME_ESTIMATION,TIMESTAMP=1445942449083	USER=2012011880	JOBID=3	ACTION=TIME_ESTIMATION	INFO: CURRENT_DOC=2 ET=130
152,2012011880,3,BEGIN_READING,TIMESTAMP=1445942451096	USER=2012011880	JOBID=3	ACTION=BEGIN_READING	INFO: CURRENT_DOC=3
153,2012011880,3,END_READING,TIMESTAMP=1445942631147	USER=2012011880	JOBID=3	ACTION=END_READING	INFO: CURRENT_DOC=3
154,2012011880,3,TIME_ESTIMATION,TIMESTAMP=1445942637236	USER=2012011880	JOBID=3	ACTION=TIME_ESTIMATION	INFO: CURRENT_DOC=3 ET=125
155,2012011880,3,BEGIN_READING,TIMESTAMP=1445942641117	USER=2012011880	JOBID=3	ACTION=BEGIN_READING	INFO: CURRENT_DOC=4
156,2012011880,3,END_READING,TIMESTAMP=1445942703219	USER=2012011880	JOBID=3	ACTION=END_READING	INFO: CURRENT_DOC=4
157,2012011880,3,TIME_ESTIMATION,TIMESTAMP=1445942711530	USER=2012011880	JOBID=3	ACTION=TIME_ESTIMATION	INFO: CURRENT_DOC=4 ET=53
158,2012011880,4,BEGIN_CALIBRATION,TIMESTAMP=1445942762083	USER=2012011880	JOBID=4	ACTION=BEGIN_CALIBRATION	INFO:
159,2012011880,4,END_CALIBRATION,TIMESTAMP=1445942970361	USER=2012011880	JOBID=4	ACTION=END_CALIBRATION	INFO:
160,2012011880,4,BEGIN_READING,TIMESTAMP=1445943094268	USER=2012011880	JOBID=4	ACTION=BEGIN_READING	INFO: CURRENT_DOC=1
161,2012011880,4,END_READING,TIMESTAMP=1445943174784	USER=2012011880	JOBID=4	ACTION=END_READING	INFO: CURRENT_DOC=1
162,2012011880,4,TIME_ESTIMATION,TIMESTAMP=1445943181287	USER=2012011880	JOBID=4	ACTION=TIME_ESTIMATION	INFO: CURRENT_DOC=1 ET=82
163,2012011880,4,BEGIN_READING,TIMESTAMP=1445943182786	USER=2012011880	JOBID=4	ACTION=BEGIN_READING	INFO: CURRENT_DOC=2
164,2012011880,4,END_READING,TIMESTAMP=1445943303719	USER=2012011880	JOBID=4	ACTION=END_READING	INFO: CURRENT_DOC=2
165,2012011880,4,TIME_ESTIMATION,TIMESTAMP=1445943314360	USER=2012011880	JOBID=4	ACTION=TIME_ESTIMATION	INFO: CURRENT_DOC=2 ET=90
166,2012011880,4,BEGIN_READING,TIMESTAMP=1445943316309	USER=2012011880	JOBID=4	ACTION=BEGIN_READING	INFO: CURRENT_DOC=3
167,2012011880,4,END_READING,TIMESTAMP=1445943386158	USER=2012011880	JOBID=4	ACTION=END_READING	INFO: CURRENT_DOC=3
168,2012011880,4,TIME_ESTIMATION,TIMESTAMP=1445943390853	USER=2012011880	JOBID=4	ACTION=TIME_ESTIMATION	INFO: CURRENT_DOC=3 ET=70
169,2012011880,4,BEGIN_READING,TIMESTAMP=1445943392735	USER=2012011880	JOBID=4	ACTION=BEGIN_READING	INFO: CURRENT_DOC=4
170,2012011880,4,END_READING,TIMESTAMP=1445943485045	USER=2012011880	JOBID=4	ACTION=END_READING	INFO: CURRENT_DOC=4
171,2012011880,4,TIME_ESTIMATION,TIMESTAMP=1445943495125	USER=2012011880	JOBID=4	ACTION=TIME_ESTIMATION	INFO: CURRENT_DOC=4 ET=120
172,2012012172,0,BEGIN_CALIBRATION,TIMESTAMP=1445945926276	USER=2012012172	JOBID=0	ACTION=BEGIN_CALIBRATION	INFO:
173,2012012172,0,END_CALIBRATION,TIMESTAMP=1445945953524	USER=2012012172	JOBID=0	ACTION=END_CALIBRATION	INFO:
174,2012012172,0,BEGIN_READING,TIMESTAMP=1445945972071	USER=2012012172	JOBID=0	ACTION=BEGIN_READING	INFO: CURRENT_DOC=1
175,2012012172,0,END_READING,TIMESTAMP=1445945998428	USER=2012012172	JOBID=0	ACTION=END_READING	INFO: CURRENT_DOC=1
176,2012012172,0,TIME_ESTIMATION,TIMESTAMP=1445946000132	USER=2012012172	JOBID=0	ACTION=TIME_ESTIMATION	INFO: CURRENT_DOC=1 ET=148
177,2012012172,0,BEGIN_READING,TIMESTAMP=1445946001957	USER=2012012172	JOBID=0	ACTION=BEGIN_READING	INFO: CURRENT_DOC=2
178,2012012172,0,END_READING,TIMESTAMP=1445946004043	USER=2012012172	JOBID=0	ACTION=END_READING	INFO: CURRENT_DOC=2
179,2012012172,0,TIME_ESTIMATION,TIMESTAMP=1445946006588	USER=2012012172	JOBID=0	ACTION=TIME_ESTIMATION	INFO: CURRENT_DOC=2 ET=61
180,2012012172,0,BEGIN_READING,TIMESTAMP=1445946008289	USER=2012012172	JOBID=0	ACTION=BEGIN_READING	INFO: CURRENT_DOC=3
181,2012012172,0,BEGIN_READING,TIMESTAMP=1445946012097	USER=2012012172	JOBID=0	ACTION=BEGIN_READING	INFO: CURRENT_DOC=4
182,2012012172,0,END_READING,TIMESTAMP=1445946013852	USER=2012012172	JOBID=0	ACTION=END_READING	INFO: CURRENT_DOC=4
183,2012012172,0,TIME_ESTIMATION,TIMESTAMP=1445946016260	USER=2012012172	JOBID=0	ACTION=TIME_ESTIMATION	INFO: CURRENT_DOC=4 ET=0
184,2012012172,0,TIME_ESTIMATION,TIMESTAMP=1445946016309	USER=2012012172	JOBID=0	ACTION=TIME_ESTIMATION	INFO: CURRENT_DOC=4 ET=0
185,2015011318,0,BEGIN_CALIBRATION,TIMESTAMP=1445946117661	USER=2015011318	JOBID=0	ACTION=BEGIN_CALIBRATION	INFO:
186,2015011318,0,END_CALIBRATION,TIMESTAMP=1445946151147	USER=2015011318	JOBID=0	ACTION=END_CALIBRATION	INFO:
187,2015011318,0,BEGIN_READING,TIMESTAMP=1445946173757	USER=2015011318	JOBID=0	ACTION=BEGIN_READING	INFO: CURRENT_DOC=1
188,2015011318,0,END_READING,TIMESTAMP=1445946326569	USER=2015011318	JOBID=0	ACTION=END_READING	INFO: CURRENT_DOC=1
189,2015011318,0,TIME_ESTIMATION,TIMESTAMP=1445946372072	USER=2015011318	JOBID=0	ACTION=TIME_ESTIMATION	INFO: CURRENT_DOC=1 ET=297
190,2015011318,0,BEGIN_READING,TIMESTAMP=1445946379276	USER=2015011318	JOBID=0	ACTION=BEGIN_READING	INFO: CURRENT_DOC=2
191,2015011318,0,END_READING,TIMESTAMP=1445946425064	USER=2015011318	JOBID=0	ACTION=END_READING	INFO: CURRENT_DOC=2
192,2015011318,0,TIME_ESTIMATION,TIMESTAMP=1445946434281	USER=2015011318	JOBID=0	ACTION=TIME_ESTIMATION	INFO: CURRENT_DOC=2 ET=71
193,2015011318,0,BEGIN_READING,TIMESTAMP=1445946437714	USER=2015011318	JOBID=0	ACTION=BEGIN_READING	INFO: CURRENT_DOC=3
194,2015011318,0,END_READING,TIMESTAMP=1445946510488	USER=2015011318	JOBID=0	ACTION=END_READING	INFO: CURRENT_DOC=3
195,2015011318,0,TIME_ESTIMATION,TIMESTAMP=1445946520608	USER=2015011318	JOBID=0	ACTION=TIME_ESTIMATION	INFO: CURRENT_DOC=3 ET=119
196,2015011318,0,BEGIN_READING,TIMESTAMP=1445946523251	USER=2015011318	JOBID=0	ACTION=BEGIN_READING	INFO: CURRENT_DOC=4
197,2015011318,0,END_READING,TIMESTAMP=1445946572409	USER=2015011318	JOBID=0	ACTION=END_READING	INFO: CURRENT_DOC=4
198,2015011318,0,TIME_ESTIMATION,TIMESTAMP=1445946579175	USER=2015011318	JOBID=0	ACTION=TIME_ESTIMATION	INFO: CURRENT_DOC=4 ET=58
199,2015011318,1,BEGIN_CALIBRATION,TIMESTAMP=1445946607224	USER=2015011318	JOBID=1	ACTION=BEGIN_CALIBRATION	INFO:
200,2015011318,1,END_CALIBRATION,TIMESTAMP=1445946656119	USER=2015011318	JOBID=1	ACTION=END_CALIBRATION	INFO:
201,2015011318,1,BEGIN_READING,TIMESTAMP=1445946662624	USER=2015011318	JOBID=1	ACTION=BEGIN_READING	INFO: CURRENT_DOC=1
202,2015011318,1,END_READING,TIMESTAMP=1445946807142	USER=2015011318	JOBID=1	ACTION=END_READING	INFO: CURRENT_DOC=1
203,2015011318,1,TIME_ESTIMATION,TIMESTAMP=1445946810607	USER=2015011318	JOBID=1	ACTION=TIME_ESTIMATION	INFO: CURRENT_DOC=1 ET=146
204,2015011318,1,BEGIN_READING,TIMESTAMP=1445946812643	USER=2015011318	JOBID=1	ACTION=BEGIN_READING	INFO: CURRENT_DOC=2
205,2015011318,1,END_READING,TIMESTAMP=1445946899046	USER=2015011318	JOBID=1	ACTION=END_READING	INFO: CURRENT_DOC=2
206,2015011318,1,TIME_ESTIMATION,TIMESTAMP=1445946908476	USER=2015011318	JOBID=1	ACTION=TIME_ESTIMATION	INFO: CURRENT_DOC=2 ET=102
207,2015011318,1,BEGIN_READING,TIMESTAMP=1445946911223	USER=2015011318	JOBID=1	ACTION=BEGIN_READING	INFO: CURRENT_DOC=3
208,2015011318,1,END_READING,TIMESTAMP=1445946990004	USER=2015011318	JOBID=1	ACTION=END_READING	INFO: CURRENT_DOC=3
209,2015011318,1,TIME_ESTIMATION,TIMESTAMP=1445947005828	USER=2015011318	JOBID=1	ACTION=TIME_ESTIMATION	INFO: CURRENT_DOC=3 ET=68
210,2015011318,1,BEGIN_READING,TIMESTAMP=1445947009360	USER=2015011318	JOBID=1	ACTION=BEGIN_READING	INFO: CURRENT_DOC=4
211,2015011318,1,END_READING,TIMESTAMP=1445947051564	USER=2015011318	JOBID=1	ACTION=END_READING	INFO: CURRENT_DOC=4
212,2015011318,1,TIME_ESTIMATION,TIMESTAMP=1445947056765	USER=2015011318	JOBID=1	ACTION=TIME_ESTIMATION	INFO: CURRENT_DOC=4 ET=42
213,2015011318,1,TIME_ESTIMATION,TIMESTAMP=1445947056957	USER=2015011318	JOBID=1	ACTION=TIME_ESTIMATION	INFO: CURRENT_DOC=4 ET=42
214,2015011318,2,BEGIN_CALIBRATION,TIMESTAMP=1445947083158	USER=2015011318	JOBID=2	ACTION=BEGIN_CALIBRATION	INFO:
215,2015011318,2,END_CALIBRATION,TIMESTAMP=1445947131645	USER=2015011318	JOBID=2	ACTION=END_CALIBRATION	INFO:
216,2015011318,2,BEGIN_READING,TIMESTAMP=1445947136402	USER=2015011318	JOBID=2	ACTION=BEGIN_READING	INFO: CURRENT_DOC=1
217,2015011318,2,END_READING,TIMESTAMP=1445947244005	USER=2015011318	JOBID=2	ACTION=END_READING	INFO: CURRENT_DOC=1
218,2015011318,2,TIME_ESTIMATION,TIMESTAMP=1445947253635	USER=2015011318	JOBID=2	ACTION=TIME_ESTIMATION	INFO: CURRENT_DOC=1 ET=98
219,2015011318,2,BEGIN_READING,TIMESTAMP=1445947255630	USER=2015011318	JOBID=2	ACTION=BEGIN_READING	INFO: CURRENT_DOC=2
220,2015011318,2,END_READING,TIMESTAMP=1445947285587	USER=2015011318	JOBID=2	ACTION=END_READING	INFO: CURRENT_DOC=2
221,2015011318,2,TIME_ESTIMATION,TIMESTAMP=1445947294746	USER=2015011318	JOBID=2	ACTION=TIME_ESTIMATION	INFO: CURRENT_DOC=2 ET=33
222,2015011318,2,BEGIN_READING,TIMESTAMP=1445947296324	USER=2015011318	JOBID=2	ACTION=BEGIN_READING	INFO: CURRENT_DOC=3
223,2015011318,2,END_READING,TIMESTAMP=1445947342924	USER=2015011318	JOBID=2	ACTION=END_READING	INFO: CURRENT_DOC=3
224,2015011318,2,TIME_ESTIMATION,TIMESTAMP=1445947360594	USER=2015011318	JOBID=2	ACTION=TIME_ESTIMATION	INFO: CURRENT_DOC=3 ET=55
225,2015011318,2,BEGIN_READING,TIMESTAMP=1445947363540	USER=2015011318	JOBID=2	ACTION=BEGIN_READING	INFO: CURRENT_DOC=4
226,2015011318,2,END_READING,TIMESTAMP=1445947409025	USER=2015011318	JOBID=2	ACTION=END_READING	INFO: CURRENT_DOC=4
227,2015011318,2,TIME_ESTIMATION,TIMESTAMP=1445947417219	USER=2015011318	JOBID=2	ACTION=TIME_ESTIMATION	INFO: CURRENT_DOC=4 ET=53
228,2015011318,3,BEGIN_CALIBRATION,TIMESTAMP=1445947443322	USER=2015011318	JOBID=3	ACTION=BEGIN_CALIBRATION	INFO:
229,2015011318,3,END_CALIBRATION,TIMESTAMP=1445947486057	USER=2015011318	JOBID=3	ACTION=END_CALIBRATION	INFO:
230,2015011318,3,BEGIN_READING,TIMESTAMP=1445947493384	USER=2015011318	JOBID=3	ACTION=BEGIN_READING	INFO: CURRENT_DOC=1
231,2015011318,3,END_READING,TIMESTAMP=1445947569593	USER=2015011318	JOBID=3	ACTION=END_READING	INFO: CURRENT_DOC=1
232,2015011318,3,TIME_ESTIMATION,TIMESTAMP=1445947576440	USER=2015011318	JOBID=3	ACTION=TIME_ESTIMATION	INFO: CURRENT_DOC=1 ET=77
233,2015011318,3,TIME_ESTIMATION,TIMESTAMP=1445947576494	USER=2015011318	JOBID=3	ACTION=TIME_ESTIMATION	INFO: CURRENT_DOC=1 ET=77
234,2015011318,3,BEGIN_READING,TIMESTAMP=1445947578658	USER=2015011318	JOBID=3	ACTION=BEGIN_READING	INFO: CURRENT_DOC=2
235,2015011318,3,END_READING,TIMESTAMP=1445947688039	USER=2015011318	JOBID=3	ACTION=END_READING	INFO: CURRENT_DOC=2
236,2015011318,3,TIME_ESTIMATION,TIMESTAMP=1445947695335	USER=2015011318	JOBID=3	ACTION=TIME_ESTIMATION	INFO: CURRENT_DOC=2 ET=70
237,2015011318,3,BEGIN_READING,TIMESTAMP=1445947697529	USER=2015011318	JOBID=3	ACTION=BEGIN_READING	INFO: CURRENT_DOC=3
238,2015011318,3,END_READING,TIMESTAMP=1445947805687	USER=2015011318	JOBID=3	ACTION=END_READING	INFO: CURRENT_DOC=3
239,2015011318,3,TIME_ESTIMATION,TIMESTAMP=1445947817191	USER=2015011318	JOBID=3	ACTION=TIME_ESTIMATION	INFO: CURRENT_DOC=3 ET=70
240,2015011318,3,BEGIN_READING,TIMESTAMP=1445947819281	USER=2015011318	JOBID=3	ACTION=BEGIN_READING	INFO: CURRENT_DOC=4
241,2015011318,3,END_READING,TIMESTAMP=1445947858143	USER=2015011318	JOBID=3	ACTION=END_READING	INFO: CURRENT_DOC=4
242,2015011318,3,TIME_ESTIMATION,TIMESTAMP=1445947865359	USER=2015011318	JOBID=3	ACTION=TIME_ESTIMATION	INFO: CURRENT_DOC=4 ET=41
243,2015011318,4,BEGIN_CALIBRATION,TIMESTAMP=1445947895930	USER=2015011318	JOBID=4	ACTION=BEGIN_CALIBRATION	INFO:
244,2015011318,4,END_CALIBRATION,TIMESTAMP=1445947946230	USER=2015011318	JOBID=4	ACTION=END_CALIBRATION	INFO:
245,2015011318,4,END_READING,TIMESTAMP=1445948051694	USER=2015011318	JOBID=4	ACTION=END_READING	INFO: CURRENT_DOC=0
246,2015011318,4,BEGIN_READING,TIMESTAMP=1445948074214	USER=2015011318	JOBID=4	ACTION=BEGIN_READING	INFO: CURRENT_DOC=1
247,2015011318,4,BEGIN_CALIBRATION,TIMESTAMP=1445948091125	USER=2015011318	JOBID=4	ACTION=BEGIN_CALIBRATION	INFO:
248,2015011318,4,END_CALIBRATION,TIMESTAMP=1445948096196	USER=2015011318	JOBID=4	ACTION=END_CALIBRATION	INFO:
249,2015011318,4,BEGIN_READING,TIMESTAMP=1445948100112	USER=2015011318	JOBID=4	ACTION=BEGIN_READING	INFO: CURRENT_DOC=1
250,2015011318,4,END_READING,TIMESTAMP=1445948220220	USER=2015011318	JOBID=4	ACTION=END_READING	INFO: CURRENT_DOC=1
251,2015011318,4,TIME_ESTIMATION,TIMESTAMP=1445948229045	USER=2015011318	JOBID=4	ACTION=TIME_ESTIMATION	INFO: CURRENT_DOC=1 ET=79
252,2015011318,4,TIME_ESTIMATION,TIMESTAMP=1445948229140	USER=2015011318	JOBID=4	ACTION=TIME_ESTIMATION	INFO: CURRENT_DOC=1 ET=79
253,2015011318,4,BEGIN_READING,TIMESTAMP=1445948230898	USER=2015011318	JOBID=4	ACTION=BEGIN_READING	INFO: CURRENT_DOC=2
254,2015011318,4,END_READING,TIMESTAMP=1445948297219	USER=2015011318	JOBID=4	ACTION=END_READING	INFO: CURRENT_DOC=2
255,2015011318,4,TIME_ESTIMATION,TIMESTAMP=1445948310314	USER=2015011318	JOBID=4	ACTION=TIME_ESTIMATION	INFO: CURRENT_DOC=2 ET=50
256,2015011318,4,BEGIN_READING,TIMESTAMP=1445948312439	USER=2015011318	JOBID=4	ACTION=BEGIN_READING	INFO: CURRENT_DOC=3
257,2015011318,4,END_READING,TIMESTAMP=1445948397131	USER=2015011318	JOBID=4	ACTION=END_READING	INFO: CURRENT_DOC=3
258,2015011318,4,TIME_ESTIMATION,TIMESTAMP=1445948402019	USER=2015011318	JOBID=4	ACTION=TIME_ESTIMATION	INFO: CURRENT_DOC=3 ET=42
259,2015011318,4,BEGIN_READING,TIMESTAMP=1445948403462	USER=2015011318	JOBID=4	ACTION=BEGIN_READING	INFO: CURRENT_DOC=4
260,2015011318,4,END_READING,TIMESTAMP=1445948436171	USER=2015011318	JOBID=4	ACTION=END_READING	INFO: CURRENT_DOC=4
261,2015011318,4,TIME_ESTIMATION,TIMESTAMP=1445948441179	USER=2015011318	JOBID=4	ACTION=TIME_ESTIMATION	INFO: CURRENT_DOC=4 ET=38
262,2012012172,0,BEGIN_CALIBRATION,TIMESTAMP=1445950402439	USER=2012012172	JOBID=0	ACTION=BEGIN_CALIBRATION	INFO:
263,2012012172,0,END_CALIBRATION,TIMESTAMP=1445950412565	USER=2012012172	JOBID=0	ACTION=END_CALIBRATION	INFO:
264,2012012172,0,BEGIN_READING,TIMESTAMP=1445950440939	USER=2012012172	JOBID=0	ACTION=BEGIN_READING	INFO: CURRENT_DOC=1
265,2012012172,0,END_READING,TIMESTAMP=1445950458164	USER=2012012172	JOBID=0	ACTION=END_READING	INFO: CURRENT_DOC=1
266,2012012172,0,TIME_ESTIMATION,TIMESTAMP=1445950462787	USER=2012012172	JOBID=0	ACTION=TIME_ESTIMATION	INFO: CURRENT_DOC=1 ET=126
267,2012012172,0,BEGIN_READING,TIMESTAMP=1445950464847	USER=2012012172	JOBID=0	ACTION=BEGIN_READING	INFO: CURRENT_DOC=2
268,2012012172,0,END_READING,TIMESTAMP=1445950466628	USER=2012012172	JOBID=0	ACTION=END_READING	INFO: CURRENT_DOC=2
269,2012012172,0,TIME_ESTIMATION,TIMESTAMP=1445950468315	USER=2012012172	JOBID=0	ACTION=TIME_ESTIMATION	INFO: CURRENT_DOC=2 ET=0
270,2012012172,0,BEGIN_READING,TIMESTAMP=1445950469488	USER=2012012172	JOBID=0	ACTION=BEGIN_READING	INFO: CURRENT_DOC=3
271,2012012172,0,END_READING,TIMESTAMP=1445950471811	USER=2012012172	JOBID=0	ACTION=END_READING	INFO: CURRENT_DOC=3
272,2012012172,0,TIME_ESTIMATION,TIMESTAMP=1445950472731	USER=2012012172	JOBID=0	ACTION=TIME_ESTIMATION	INFO: CURRENT_DOC=3 ET=0
273,2012012172,0,TIME_ESTIMATION,TIMESTAMP=1445950472783	USER=2012012172	JOBID=0	ACTION=TIME_ESTIMATION	INFO: CURRENT_DOC=3 ET=0
274,2012012172,0,BEGIN_READING,TIMESTAMP=1445950474440	USER=2012012172	JOBID=0	ACTION=BEGIN_READING	INFO: CURRENT_DOC=4
275,2012012172,0,END_READING,TIMESTAMP=1445950475747	USER=2012012172	JOBID=0	ACTION=END_READING	INFO: CURRENT_DOC=4
276,2012012172,0,TIME_ESTIMATION,TIMESTAMP=1445950476643	USER=2012012172	JOBID=0	ACTION=TIME_ESTIMATION	INFO: CURRENT_DOC=4 ET=0
277,2015011246,0,BEGIN_CALIBRATION,TIMESTAMP=1445950595195	USER=2015011246	JOBID=0	ACTION=BEGIN_CALIBRATION	INFO:
278,2015011246,0,END_CALIBRATION,TIMESTAMP=1445950663587	USER=2015011246	JOBID=0	ACTION=END_CALIBRATION	INFO:
279,2015011246,0,BEGIN_READING,TIMESTAMP=1445950672869	USER=2015011246	JOBID=0	ACTION=BEGIN_READING	INFO: CURRENT_DOC=1
280,2015011246,0,END_READING,TIMESTAMP=1445950849042	USER=2015011246	JOBID=0	ACTION=END_READING	INFO: CURRENT_DOC=1
281,2015011246,0,TIME_ESTIMATION,TIMESTAMP=1445950858425	USER=2015011246	JOBID=0	ACTION=TIME_ESTIMATION	INFO: CURRENT_DOC=1 ET=279
282,2015011246,0,BEGIN_READING,TIMESTAMP=1445950861940	USER=2015011246	JOBID=0	ACTION=BEGIN_READING	INFO: CURRENT_DOC=2
283,2015011246,0,END_READING,TIMESTAMP=1445950950233	USER=2015011246	JOBID=0	ACTION=END_READING	INFO: CURRENT_DOC=2
284,2015011246,0,TIME_ESTIMATION,TIMESTAMP=1445950957121	USER=2015011246	JOBID=0	ACTION=TIME_ESTIMATION	INFO: CURRENT_DOC=2 ET=154
285,2015011246,0,BEGIN_READING,TIMESTAMP=1445950959962	USER=2015011246	JOBID=0	ACTION=BEGIN_READING	INFO: CURRENT_DOC=3
286,2015011246,0,END_READING,TIMESTAMP=1445951062511	USER=2015011246	JOBID=0	ACTION=END_READING	INFO: CURRENT_DOC=3
287,2015011246,0,TIME_ESTIMATION,TIMESTAMP=1445951070656	USER=2015011246	JOBID=0	ACTION=TIME_ESTIMATION	INFO: CURRENT_DOC=3 ET=212
288,2015011246,0,TIME_ESTIMATION,TIMESTAMP=1445951070735	USER=2015011246	JOBID=0	ACTION=TIME_ESTIMATION	INFO: CURRENT_DOC=3 ET=212
289,2015011246,0,BEGIN_READING,TIMESTAMP=1445951073721	USER=2015011246	JOBID=0	ACTION=BEGIN_READING	INFO: CURRENT_DOC=4
290,2015011246,0,END_READING,TIMESTAMP=1445951149247	USER=2015011246	JOBID=0	ACTION=END_READING	INFO: CURRENT_DOC=4
291,2015011246,0,TIME_ESTIMATION,TIMESTAMP=1445951158126	USER=2015011246	JOBID=0	ACTION=TIME_ESTIMATION	INFO: CURRENT_DOC=4 ET=165
292,2015011246,1,BEGIN_CALIBRATION,TIMESTAMP=1445951191359	USER=2015011246	JOBID=1	ACTION=BEGIN_CALIBRATION	INFO:
293,2015011246,1,END_CALIBRATION,TIMESTAMP=1445951257774	USER=2015011246	JOBID=1	ACTION=END_CALIBRATION	INFO:
294,2015011246,1,BEGIN_READING,TIMESTAMP=1445951261931	USER=2015011246	JOBID=1	ACTION=BEGIN_READING	INFO: CURRENT_DOC=1
295,2015011246,1,END_READING,TIMESTAMP=1445951488877	USER=2015011246	JOBID=1	ACTION=END_READING	INFO: CURRENT_DOC=1
296,2015011246,1,TIME_ESTIMATION,TIMESTAMP=1445951493893	USER=2015011246	JOBID=1	ACTION=TIME_ESTIMATION	INFO: CURRENT_DOC=1 ET=300
297,2015011246,1,BEGIN_READING,TIMESTAMP=1445951498144	USER=2015011246	JOBID=1	ACTION=BEGIN_READING	INFO: CURRENT_DOC=2
298,2015011246,1,END_READING,TIMESTAMP=1445951639491	USER=2015011246	JOBID=1	ACTION=END_READING	INFO: CURRENT_DOC=2
299,2015011246,1,TIME_ESTIMATION,TIMESTAMP=1445951644931	USER=2015011246	JOBID=1	ACTION=TIME_ESTIMATION	INFO: CURRENT_DOC=2 ET=254
300,2015011246,1,BEGIN_READING,TIMESTAMP=1445951647245	USER=2015011246	JOBID=1	ACTION=BEGIN_READING	INFO: CURRENT_DOC=3
301,2015011246,1,END_READING,TIMESTAMP=1445951768580	USER=2015011246	JOBID=1	ACTION=END_READING	INFO: CURRENT_DOC=3
302,2015011246,1,TIME_ESTIMATION,TIMESTAMP=1445951775187	USER=2015011246	JOBID=1	ACTION=TIME_ESTIMATION	INFO: CURRENT_DOC=3 ET=188
303,2015011246,1,BEGIN_READING,TIMESTAMP=1445951777549	USER=2015011246	JOBID=1	ACTION=BEGIN_READING	INFO: CURRENT_DOC=4
304,2015011246,1,END_READING,TIMESTAMP=1445951896410	USER=2015011246	JOBID=1	ACTION=END_READING	INFO: CURRENT_DOC=4
305,2015011246,1,TIME_ESTIMATION,TIMESTAMP=1445951902450	USER=2015011246	JOBID=1	ACTION=TIME_ESTIMATION	INFO: CURRENT_DOC=4 ET=215
306,2015011246,2,BEGIN_CALIBRATION,TIMESTAMP=1445951934683	USER=2015011246	JOBID=2	ACTION=BEGIN_CALIBRATION	INFO:
307,2015011246,2,END_CALIBRATION,TIMESTAMP=1445951999609	USER=2015011246	JOBID=2	ACTION=END_CALIBRATION	INFO:
308,2015011246,2,BEGIN_READING,TIMESTAMP=1445952002671	USER=2015011246	JOBID=2	ACTION=BEGIN_READING	INFO: CURRENT_DOC=1
309,2015011246,2,END_READING,TIMESTAMP=1445952155176	USER=2015011246	JOBID=2	ACTION=END_READING	INFO: CURRENT_DOC=1
310,2015011246,2,TIME_ESTIMATION,TIMESTAMP=1445952161561	USER=2015011246	JOBID=2	ACTION=TIME_ESTIMATION	INFO: CURRENT_DOC=1 ET=268
311,2015011246,2,BEGIN_READING,TIMESTAMP=1445952164034	USER=2015011246	JOBID=2	ACTION=BEGIN_READING	INFO: CURRENT_DOC=2
312,2015011246,2,END_READING,TIMESTAMP=1445952224856	USER=2015011246	JOBID=2	ACTION=END_READING	INFO: CURRENT_DOC=2
313,2015011246,2,TIME_ESTIMATION,TIMESTAMP=1445952229463	USER=2015011246	JOBID=2	ACTION=TIME_ESTIMATION	INFO: CURRENT_DOC=2 ET=81
314,2015011246,2,BEGIN_READING,TIMESTAMP=1445952231298	USER=2015011246	JOBID=2	ACTION=BEGIN_READING	INFO: CURRENT_DOC=3
315,2015011246,2,END_READING,TIMESTAMP=1445952309775	USER=2015011246	JOBID=2	ACTION=END_READING	INFO: CURRENT_DOC=3
316,2015011246,2,TIME_ESTIMATION,TIMESTAMP=1445952315567	USER=2015011246	JOBID=2	ACTION=TIME_ESTIMATION	INFO: CURRENT_DOC=3 ET=141
317,2015011246,2,BEGIN_READING,TIMESTAMP=1445952317242	USER=2015011246	JOBID=2	ACTION=BEGIN_READING	INFO: CURRENT_DOC=4
318,2015011246,2,END_READING,TIMESTAMP=1445952484654	USER=2015011246	JOBID=2	ACTION=END_READING	INFO: CURRENT_DOC=4
319,2015011246,2,TIME_ESTIMATION,TIMESTAMP=1445952492918	USER=2015011246	JOBID=2	ACTION=TIME_ESTIMATION	INFO: CURRENT_DOC=4 ET=249
320,2015011246,3,BEGIN_CALIBRATION,TIMESTAMP=1445952535223	USER=2015011246	JOBID=3	ACTION=BEGIN_CALIBRATION	INFO:
321,2015011246,3,END_CALIBRATION,TIMESTAMP=1445952599965	USER=2015011246	JOBID=3	ACTION=END_CALIBRATION	INFO:
322,2015011246,3,BEGIN_READING,TIMESTAMP=1445952602647	USER=2015011246	JOBID=3	ACTION=BEGIN_READING	INFO: CURRENT_DOC=1
323,2015011246,3,END_READING,TIMESTAMP=1445952707932	USER=2015011246	JOBID=3	ACTION=END_READING	INFO: CURRENT_DOC=1
324,2015011246,3,TIME_ESTIMATION,TIMESTAMP=1445952713531	USER=2015011246	JOBID=3	ACTION=TIME_ESTIMATION	INFO: CURRENT_DOC=1 ET=183
325,2015011246,3,BEGIN_READING,TIMESTAMP=1445952715390	USER=2015011246	JOBID=3	ACTION=BEGIN_READING	INFO: CURRENT_DOC=2
326,2015011246,3,END_READING,TIMESTAMP=1445952861827	USER=2015011246	JOBID=3	ACTION=END_READING	INFO: CURRENT_DOC=2
327,2015011246,3,TIME_ESTIMATION,TIMESTAMP=1445952867050	USER=2015011246	JOBID=3	ACTION=TIME_ESTIMATION	INFO: CURRENT_DOC=2 ET=224
328,2015011246,3,BEGIN_READING,TIMESTAMP=1445952868758	USER=2015011246	JOBID=3	ACTION=BEGIN_READING	INFO: CURRENT_DOC=3
329,2015011246,3,END_READING,TIMESTAMP=1445953038289	USER=2015011246	JOBID=3	ACTION=END_READING	INFO: CURRENT_DOC=3
330,2015011246,3,TIME_ESTIMATION,TIMESTAMP=1445953041521	USER=2015011246	JOBID=3	ACTION=TIME_ESTIMATION	INFO: CURRENT_DOC=3 ET=300
331,2015011246,3,BEGIN_READING,TIMESTAMP=1445953044316	USER=2015011246	JOBID=3	ACTION=BEGIN_READING	INFO: CURRENT_DOC=4
332,2015011246,3,END_READING,TIMESTAMP=1445953107233	USER=2015011246	JOBID=3	ACTION=END_READING	INFO: CURRENT_DOC=4
333,2015011246,3,TIME_ESTIMATION,TIMESTAMP=1445953112424	USER=2015011246	JOBID=3	ACTION=TIME_ESTIMATION	INFO: CURRENT_DOC=4 ET=93
334,2015011246,4,BEGIN_CALIBRATION,TIMESTAMP=1445953175443	USER=2015011246	JOBID=4	ACTION=BEGIN_CALIBRATION	INFO:
335,2015011246,4,END_CALIBRATION,TIMESTAMP=1445953241041	USER=2015011246	JOBID=4	ACTION=END_CALIBRATION	INFO:
336,2015011246,4,BEGIN_READING,TIMESTAMP=1445953244124	USER=2015011246	JOBID=4	ACTION=BEGIN_READING	INFO: CURRENT_DOC=1
337,2015011246,4,END_READING,TIMESTAMP=1445953324248	USER=2015011246	JOBID=4	ACTION=END_READING	INFO: CURRENT_DOC=1
338,2015011246,4,TIME_ESTIMATION,TIMESTAMP=1445953329392	USER=2015011246	JOBID=4	ACTION=TIME_ESTIMATION	INFO: CURRENT_DOC=1 ET=113
339,2015011246,4,BEGIN_READING,TIMESTAMP=1445953331268	USER=2015011246	JOBID=4	ACTION=BEGIN_READING	INFO: CURRENT_DOC=2
340,2015011246,4,END_READING,TIMESTAMP=1445953426248	USER=2015011246	JOBID=4	ACTION=END_READING	INFO: CURRENT_DOC=2
341,2015011246,4,TIME_ESTIMATION,TIMESTAMP=1445953433847	USER=2015011246	JOBID=4	ACTION=TIME_ESTIMATION	INFO: CURRENT_DOC=2 ET=184
342,2015011246,4,BEGIN_READING,TIMESTAMP=1445953435817	USER=2015011246	JOBID=4	ACTION=BEGIN_READING	INFO: CURRENT_DOC=3
343,2015011246,4,END_READING,TIMESTAMP=1445953522078	USER=2015011246	JOBID=4	ACTION=END_READING	INFO: CURRENT_DOC=3
344,2015011246,4,TIME_ESTIMATION,TIMESTAMP=1445953526231	USER=2015011246	JOBID=4	ACTION=TIME_ESTIMATION	INFO: CURRENT_DOC=3 ET=92
345,2015011246,4,BEGIN_READING,TIMESTAMP=1445953528121	USER=2015011246	JOBID=4	ACTION=BEGIN_READING	INFO: CURRENT_DOC=4
346,2015011246,4,END_READING,TIMESTAMP=1445953653109	USER=2015011246	JOBID=4	ACTION=END_READING	INFO: CURRENT_DOC=4
347,2015011246,4,TIME_ESTIMATION,TIMESTAMP=1445953659516	USER=2015011246	JOBID=4	ACTION=TIME_ESTIMATION	INFO: CURRENT_DOC=4 ET=157
348,2012310575,0,BEGIN_CALIBRATION,TIMESTAMP=1446022779614	USER=2012310575	JOBID=0	ACTION=BEGIN_CALIBRATION	INFO:
349,2012310575,0,END_CALIBRATION,TIMESTAMP=1446022810716	USER=2012310575	JOBID=0	ACTION=END_CALIBRATION	INFO:
350,2012310575,0,BEGIN_READING,TIMESTAMP=1446022855730	USER=2012310575	JOBID=0	ACTION=BEGIN_READING	INFO: CURRENT_DOC=1
351,2012310575,0,END_READING,TIMESTAMP=1446022869850	USER=2012310575	JOBID=0	ACTION=END_READING	INFO: CURRENT_DOC=1
352,2012310575,0,TIME_ESTIMATION,TIMESTAMP=1446022902854	USER=2012310575	JOBID=0	ACTION=TIME_ESTIMATION	INFO: CURRENT_DOC=1 ET=20
353,2012310575,0,BEGIN_READING,TIMESTAMP=1446022910298	USER=2012310575	JOBID=0	ACTION=BEGIN_READING	INFO: CURRENT_DOC=2
354,2012310575,0,END_READING,TIMESTAMP=1446022914884	USER=2012310575	JOBID=0	ACTION=END_READING	INFO: CURRENT_DOC=2
355,2012310575,0,TIME_ESTIMATION,TIMESTAMP=1446022916468	USER=2012310575	JOBID=0	ACTION=TIME_ESTIMATION	INFO: CURRENT_DOC=2 ET=0
356,2012310575,0,BEGIN_READING,TIMESTAMP=1446022918418	USER=2012310575	JOBID=0	ACTION=BEGIN_READING	INFO: CURRENT_DOC=3
357,2012310575,0,END_READING,TIMESTAMP=1446022920588	USER=2012310575	JOBID=0	ACTION=END_READING	INFO: CURRENT_DOC=3
358,2012310575,0,TIME_ESTIMATION,TIMESTAMP=1446022926026	USER=2012310575	JOBID=0	ACTION=TIME_ESTIMATION	INFO: CURRENT_DOC=3 ET=0
359,2012310575,0,BEGIN_READING,TIMESTAMP=1446022927826	USER=2012310575	JOBID=0	ACTION=BEGIN_READING	INFO: CURRENT_DOC=4
360,2012310575,0,END_READING,TIMESTAMP=1446022929911	USER=2012310575	JOBID=0	ACTION=END_READING	INFO: CURRENT_DOC=4
361,2012310575,0,TIME_ESTIMATION,TIMESTAMP=1446022934490	USER=2012310575	JOBID=0	ACTION=TIME_ESTIMATION	INFO: CURRENT_DOC=4 ET=0
362,2015011319,0,BEGIN_CALIBRATION,TIMESTAMP=1446024104031	USER=2015011319	JOBID=0	ACTION=BEGIN_CALIBRATION	INFO:
363,2015011319,0,END_CALIBRATION,TIMESTAMP=1446024174258	USER=2015011319	JOBID=0	ACTION=END_CALIBRATION	INFO:
364,2015011319,0,BEGIN_READING,TIMESTAMP=1446024184148	USER=2015011319	JOBID=0	ACTION=BEGIN_READING	INFO: CURRENT_DOC=1
365,2015011319,0,END_READING,TIMESTAMP=1446024355481	USER=2015011319	JOBID=0	ACTION=END_READING	INFO: CURRENT_DOC=1
366,2015011319,0,TIME_ESTIMATION,TIMESTAMP=1446024367281	USER=2015011319	JOBID=0	ACTION=TIME_ESTIMATION	INFO: CURRENT_DOC=1 ET=120
367,2015011319,0,BEGIN_READING,TIMESTAMP=1446024370085	USER=2015011319	JOBID=0	ACTION=BEGIN_READING	INFO: CURRENT_DOC=2
368,2015011319,0,END_READING,TIMESTAMP=1446024468863	USER=2015011319	JOBID=0	ACTION=END_READING	INFO: CURRENT_DOC=2
369,2015011319,0,TIME_ESTIMATION,TIMESTAMP=1446024478097	USER=2015011319	JOBID=0	ACTION=TIME_ESTIMATION	INFO: CURRENT_DOC=2 ET=100
370,2015011319,0,BEGIN_READING,TIMESTAMP=1446024479679	USER=2015011319	JOBID=0	ACTION=BEGIN_READING	INFO: CURRENT_DOC=3
371,2015011319,0,END_READING,TIMESTAMP=1446024556095	USER=2015011319	JOBID=0	ACTION=END_READING	INFO: CURRENT_DOC=3
372,2015011319,0,TIME_ESTIMATION,TIMESTAMP=1446024563311	USER=2015011319	JOBID=0	ACTION=TIME_ESTIMATION	INFO: CURRENT_DOC=3 ET=70
373,2015011319,0,BEGIN_READING,TIMESTAMP=1446024564977	USER=2015011319	JOBID=0	ACTION=BEGIN_READING	INFO: CURRENT_DOC=4
374,2015011319,0,END_READING,TIMESTAMP=1446024630110	USER=2015011319	JOBID=0	ACTION=END_READING	INFO: CURRENT_DOC=4
375,2015011319,0,TIME_ESTIMATION,TIMESTAMP=1446024638800	USER=2015011319	JOBID=0	ACTION=TIME_ESTIMATION	INFO: CURRENT_DOC=4 ET=60
376,2015011319,1,BEGIN_CALIBRATION,TIMESTAMP=1446024685367	USER=2015011319	JOBID=1	ACTION=BEGIN_CALIBRATION	INFO:
377,2015011319,1,END_CALIBRATION,TIMESTAMP=1446024754079	USER=2015011319	JOBID=1	ACTION=END_CALIBRATION	INFO:
378,2015011319,1,BEGIN_READING,TIMESTAMP=1446024766063	USER=2015011319	JOBID=1	ACTION=BEGIN_READING	INFO: CURRENT_DOC=1
379,2015011319,1,END_READING,TIMESTAMP=1446024967394	USER=2015011319	JOBID=1	ACTION=END_READING	INFO: CURRENT_DOC=1
380,2015011319,1,TIME_ESTIMATION,TIMESTAMP=1446024976141	USER=2015011319	JOBID=1	ACTION=TIME_ESTIMATION	INFO: CURRENT_DOC=1 ET=199
381,2015011319,1,BEGIN_READING,TIMESTAMP=1446024978944	USER=2015011319	JOBID=1	ACTION=BEGIN_READING	INFO: CURRENT_DOC=2
382,2015011319,1,END_READING,TIMESTAMP=1446025102203	USER=2015011319	JOBID=1	ACTION=END_READING	INFO: CURRENT_DOC=2
383,2015011319,1,TIME_ESTIMATION,TIMESTAMP=1446025113995	USER=2015011319	JOBID=1	ACTION=TIME_ESTIMATION	INFO: CURRENT_DOC=2 ET=130
384,2015011319,1,BEGIN_READING,TIMESTAMP=1446025117012	USER=2015011319	JOBID=1	ACTION=BEGIN_READING	INFO: CURRENT_DOC=3
385,2015011319,1,END_READING,TIMESTAMP=1446025269070	USER=2015011319	JOBID=1	ACTION=END_READING	INFO: CURRENT_DOC=3
386,2015011319,1,TIME_ESTIMATION,TIMESTAMP=1446025280207	USER=2015011319	JOBID=1	ACTION=TIME_ESTIMATION	INFO: CURRENT_DOC=3 ET=180
387,2015011319,1,BEGIN_READING,TIMESTAMP=1446025284427	USER=2015011319	JOBID=1	ACTION=BEGIN_READING	INFO: CURRENT_DOC=4
388,2015011319,1,END_READING,TIMESTAMP=1446025399962	USER=2015011319	JOBID=1	ACTION=END_READING	INFO: CURRENT_DOC=4
389,2015011319,1,TIME_ESTIMATION,TIMESTAMP=1446025405339	USER=2015011319	JOBID=1	ACTION=TIME_ESTIMATION	INFO: CURRENT_DOC=4 ET=160
390,2015011319,2,BEGIN_CALIBRATION,TIMESTAMP=1446025455947	USER=2015011319	JOBID=2	ACTION=BEGIN_CALIBRATION	INFO:
391,2015011319,2,END_CALIBRATION,TIMESTAMP=1446025533088	USER=2015011319	JOBID=2	ACTION=END_CALIBRATION	INFO:
392,2015011319,2,BEGIN_READING,TIMESTAMP=1446025550074	USER=2015011319	JOBID=2	ACTION=BEGIN_READING	INFO: CURRENT_DOC=1
393,2015011319,2,END_READING,TIMESTAMP=1446025684416	USER=2015011319	JOBID=2	ACTION=END_READING	INFO: CURRENT_DOC=1
394,2015011319,2,TIME_ESTIMATION,TIMESTAMP=1446025693555	USER=2015011319	JOBID=2	ACTION=TIME_ESTIMATION	INFO: CURRENT_DOC=1 ET=180
395,2015011319,2,BEGIN_READING,TIMESTAMP=1446025697026	USER=2015011319	JOBID=2	ACTION=BEGIN_READING	INFO: CURRENT_DOC=2
396,2015011319,2,END_READING,TIMESTAMP=1446025744971	USER=2015011319	JOBID=2	ACTION=END_READING	INFO: CURRENT_DOC=2
397,2015011319,2,TIME_ESTIMATION,TIMESTAMP=1446025751370	USER=2015011319	JOBID=2	ACTION=TIME_ESTIMATION	INFO: CURRENT_DOC=2 ET=70
398,2015011319,2,BEGIN_READING,TIMESTAMP=1446025753481	USER=2015011319	JOBID=2	ACTION=BEGIN_READING	INFO: CURRENT_DOC=3
399,2015011319,2,END_READING,TIMESTAMP=1446025819684	USER=2015011319	JOBID=2	ACTION=END_READING	INFO: CURRENT_DOC=3
400,2015011319,2,TIME_ESTIMATION,TIMESTAMP=1446025828126	USER=2015011319	JOBID=2	ACTION=TIME_ESTIMATION	INFO: CURRENT_DOC=3 ET=100
401,2015011319,2,BEGIN_READING,TIMESTAMP=1446025830286	USER=2015011319	JOBID=2	ACTION=BEGIN_READING	INFO: CURRENT_DOC=4
402,2015011319,2,END_READING,TIMESTAMP=1446025958742	USER=2015011319	JOBID=2	ACTION=END_READING	INFO: CURRENT_DOC=4
403,2015011319,2,TIME_ESTIMATION,TIMESTAMP=1446025968542	USER=2015011319	JOBID=2	ACTION=TIME_ESTIMATION	INFO: CURRENT_DOC=4 ET=160
404,2015011319,3,BEGIN_CALIBRATION,TIMESTAMP=1446026012869	USER=2015011319	JOBID=3	ACTION=BEGIN_CALIBRATION	INFO:
405,2015011319,3,END_CALIBRATION,TIMESTAMP=1446026078764	USER=2015011319	JOBID=3	ACTION=END_CALIBRATION	INFO:
406,2015011319,3,BEGIN_READING,TIMESTAMP=1446026084904	USER=2015011319	JOBID=3	ACTION=BEGIN_READING	INFO: CURRENT_DOC=1
407,2015011319,3,END_READING,TIMESTAMP=1446026183732	USER=2015011319	JOBID=3	ACTION=END_READING	INFO: CURRENT_DOC=1
408,2015011319,3,TIME_ESTIMATION,TIMESTAMP=1446026198115	USER=2015011319	JOBID=3	ACTION=TIME_ESTIMATION	INFO: CURRENT_DOC=1 ET=129
409,2015011319,3,BEGIN_READING,TIMESTAMP=1446026200135	USER=2015011319	JOBID=3	ACTION=BEGIN_READING	INFO: CURRENT_DOC=2
410,2015011319,3,END_READING,TIMESTAMP=1446026374442	USER=2015011319	JOBID=3	ACTION=END_READING	INFO: CURRENT_DOC=2
411,2015011319,3,TIME_ESTIMATION,TIMESTAMP=1446026382200	USER=2015011319	JOBID=3	ACTION=TIME_ESTIMATION	INFO: CURRENT_DOC=2 ET=200
412,2015011319,3,BEGIN_READING,TIMESTAMP=1446026384050	USER=2015011319	JOBID=3	ACTION=BEGIN_READING	INFO: CURRENT_DOC=3
413,2015011319,3,END_READING,TIMESTAMP=1446026572864	USER=2015011319	JOBID=3	ACTION=END_READING	INFO: CURRENT_DOC=3
414,2015011319,3,TIME_ESTIMATION,TIMESTAMP=1446026584304	USER=2015011319	JOBID=3	ACTION=TIME_ESTIMATION	INFO: CURRENT_DOC=3 ET=210
415,2015011319,3,BEGIN_READING,TIMESTAMP=1446026587227	USER=2015011319	JOBID=3	ACTION=BEGIN_READING	INFO: CURRENT_DOC=4
416,2015011319,3,END_READING,TIMESTAMP=1446026628938	USER=2015011319	JOBID=3	ACTION=END_READING	INFO: CURRENT_DOC=4
417,2015011319,3,TIME_ESTIMATION,TIMESTAMP=1446026634415	USER=2015011319	JOBID=3	ACTION=TIME_ESTIMATION	INFO: CURRENT_DOC=4 ET=60
418,2015011319,4,BEGIN_CALIBRATION,TIMESTAMP=1446026671066	USER=2015011319	JOBID=4	ACTION=BEGIN_CALIBRATION	INFO:
419,2015011319,4,END_CALIBRATION,TIMESTAMP=1446026736630	USER=2015011319	JOBID=4	ACTION=END_CALIBRATION	INFO:
420,2015011319,4,BEGIN_READING,TIMESTAMP=1446026742997	USER=2015011319	JOBID=4	ACTION=BEGIN_READING	INFO: CURRENT_DOC=1
421,2015011319,4,END_READING,TIMESTAMP=1446026820830	USER=2015011319	JOBID=4	ACTION=END_READING	INFO: CURRENT_DOC=1
422,2015011319,4,TIME_ESTIMATION,TIMESTAMP=1446026830913	USER=2015011319	JOBID=4	ACTION=TIME_ESTIMATION	INFO: CURRENT_DOC=1 ET=90
423,2015011319,4,BEGIN_READING,TIMESTAMP=1446026833144	USER=2015011319	JOBID=4	ACTION=BEGIN_READING	INFO: CURRENT_DOC=2
424,2015011319,4,END_READING,TIMESTAMP=1446026933011	USER=2015011319	JOBID=4	ACTION=END_READING	INFO: CURRENT_DOC=2
425,2015011319,4,TIME_ESTIMATION,TIMESTAMP=1446026941687	USER=2015011319	JOBID=4	ACTION=TIME_ESTIMATION	INFO: CURRENT_DOC=2 ET=119
426,2015011319,4,BEGIN_READING,TIMESTAMP=1446026943721	USER=2015011319	JOBID=4	ACTION=BEGIN_READING	INFO: CURRENT_DOC=3
427,2015011319,4,END_READING,TIMESTAMP=1446027021782	USER=2015011319	JOBID=4	ACTION=END_READING	INFO: CURRENT_DOC=3
428,2015011319,4,TIME_ESTIMATION,TIMESTAMP=1446027026222	USER=2015011319	JOBID=4	ACTION=TIME_ESTIMATION	INFO: CURRENT_DOC=3 ET=91
429,2015011319,4,BEGIN_READING,TIMESTAMP=1446027027768	USER=2015011319	JOBID=4	ACTION=BEGIN_READING	INFO: CURRENT_DOC=4
430,2015011319,4,END_READING,TIMESTAMP=1446027143729	USER=2015011319	JOBID=4	ACTION=END_READING	INFO: CURRENT_DOC=4
431,2015011319,4,TIME_ESTIMATION,TIMESTAMP=1446027152269	USER=2015011319	JOBID=4	ACTION=TIME_ESTIMATION	INFO: CURRENT_DOC=4 ET=140
432,2015011253,0,BEGIN_CALIBRATION,TIMESTAMP=1446040551765	USER=2015011253	JOBID=0	ACTION=BEGIN_CALIBRATION	INFO:
433,2015011253,0,END_CALIBRATION,TIMESTAMP=1446040619165	USER=2015011253	JOBID=0	ACTION=END_CALIBRATION	INFO:
434,2015011253,0,END_READING,TIMESTAMP=1446040625418	USER=2015011253	JOBID=0	ACTION=END_READING	INFO: CURRENT_DOC=0
435,2015011253,0,BEGIN_READING,TIMESTAMP=1446040627780	USER=2015011253	JOBID=0	ACTION=BEGIN_READING	INFO: CURRENT_DOC=1
436,2015011253,0,END_READING,TIMESTAMP=1446040814545	USER=2015011253	JOBID=0	ACTION=END_READING	INFO: CURRENT_DOC=1
437,2015011253,0,TIME_ESTIMATION,TIMESTAMP=1446040823478	USER=2015011253	JOBID=0	ACTION=TIME_ESTIMATION	INFO: CURRENT_DOC=1 ET=239
438,2015011253,0,BEGIN_READING,TIMESTAMP=1446040827277	USER=2015011253	JOBID=0	ACTION=BEGIN_READING	INFO: CURRENT_DOC=2
439,2015011253,0,END_READING,TIMESTAMP=1446040962728	USER=2015011253	JOBID=0	ACTION=END_READING	INFO: CURRENT_DOC=2
440,2015011253,0,TIME_ESTIMATION,TIMESTAMP=1446040971363	USER=2015011253	JOBID=0	ACTION=TIME_ESTIMATION	INFO: CURRENT_DOC=2 ET=208
441,2015011253,0,BEGIN_READING,TIMESTAMP=1446040974177	USER=2015011253	JOBID=0	ACTION=BEGIN_READING	INFO: CURRENT_DOC=3
442,2015011253,0,END_READING,TIMESTAMP=1446041090861	USER=2015011253	JOBID=0	ACTION=END_READING	INFO: CURRENT_DOC=3
443,2015011253,0,TIME_ESTIMATION,TIMESTAMP=1446041101029	USER=2015011253	JOBID=0	ACTION=TIME_ESTIMATION	INFO: CURRENT_DOC=3 ET=219
444,2015011253,0,BEGIN_READING,TIMESTAMP=1446041103277	USER=2015011253	JOBID=0	ACTION=BEGIN_READING	INFO: CURRENT_DOC=4
445,2015011253,0,END_READING,TIMESTAMP=1446041228980	USER=2015011253	JOBID=0	ACTION=END_READING	INFO: CURRENT_DOC=4
446,2015011253,0,TIME_ESTIMATION,TIMESTAMP=1446041237228	USER=2015011253	JOBID=0	ACTION=TIME_ESTIMATION	INFO: CURRENT_DOC=4 ET=247
447,2015011253,1,BEGIN_CALIBRATION,TIMESTAMP=1446041283112	USER=2015011253	JOBID=1	ACTION=BEGIN_CALIBRATION	INFO:
448,2015011253,1,END_CALIBRATION,TIMESTAMP=1446041348825	USER=2015011253	JOBID=1	ACTION=END_CALIBRATION	INFO:
449,2015011253,1,BEGIN_READING,TIMESTAMP=1446041352262	USER=2015011253	JOBID=1	ACTION=BEGIN_READING	INFO: CURRENT_DOC=1
450,2015011253,1,END_READING,TIMESTAMP=1446041624817	USER=2015011253	JOBID=1	ACTION=END_READING	INFO: CURRENT_DOC=1
451,2015011253,1,TIME_ESTIMATION,TIMESTAMP=1446041632725	USER=2015011253	JOBID=1	ACTION=TIME_ESTIMATION	INFO: CURRENT_DOC=1 ET=256
452,2015011253,1,BEGIN_READING,TIMESTAMP=1446041635474	USER=2015011253	JOBID=1	ACTION=BEGIN_READING	INFO: CURRENT_DOC=2
453,2015011253,1,END_READING,TIMESTAMP=1446041822937	USER=2015011253	JOBID=1	ACTION=END_READING	INFO: CURRENT_DOC=2
454,2015011253,1,TIME_ESTIMATION,TIMESTAMP=1446041829340	USER=2015011253	JOBID=1	ACTION=TIME_ESTIMATION	INFO: CURRENT_DOC=2 ET=271
455,2015011253,1,BEGIN_READING,TIMESTAMP=1446041831399	USER=2015011253	JOBID=1	ACTION=BEGIN_READING	INFO: CURRENT_DOC=3
456,2015011253,1,END_READING,TIMESTAMP=1446041996535	USER=2015011253	JOBID=1	ACTION=END_READING	INFO: CURRENT_DOC=3
457,2015011253,1,TIME_ESTIMATION,TIMESTAMP=1446042004171	USER=2015011253	JOBID=1	ACTION=TIME_ESTIMATION	INFO: CURRENT_DOC=3 ET=206
458,2015011253,1,BEGIN_READING,TIMESTAMP=1446042006700	USER=2015011253	JOBID=1	ACTION=BEGIN_READING	INFO: CURRENT_DOC=4
459,2015011253,1,END_READING,TIMESTAMP=1446042155152	USER=2015011253	JOBID=1	ACTION=END_READING	INFO: CURRENT_DOC=4
460,2015011253,1,TIME_ESTIMATION,TIMESTAMP=1446042160969	USER=2015011253	JOBID=1	ACTION=TIME_ESTIMATION	INFO: CURRENT_DOC=4 ET=210
461,2015011253,2,BEGIN_CALIBRATION,TIMESTAMP=1446042184953	USER=2015011253	JOBID=2	ACTION=BEGIN_CALIBRATION	INFO:
462,2015011253,2,END_CALIBRATION,TIMESTAMP=1446042303298	USER=2015011253	JOBID=2	ACTION=END_CALIBRATION	INFO:
463,2015011253,2,BEGIN_READING,TIMESTAMP=1446042307085	USER=2015011253	JOBID=2	ACTION=BEGIN_READING	INFO: CURRENT_DOC=1
464,2015011253,2,END_READING,TIMESTAMP=1446042479480	USER=2015011253	JOBID=2	ACTION=END_READING	INFO: CURRENT_DOC=1
465,2015011253,2,TIME_ESTIMATION,TIMESTAMP=1446042486767	USER=2015011253	JOBID=2	ACTION=TIME_ESTIMATION	INFO: CURRENT_DOC=1 ET=199
466,2015011253,2,BEGIN_READING,TIMESTAMP=1446042488585	USER=2015011253	JOBID=2	ACTION=BEGIN_READING	INFO: CURRENT_DOC=2
467,2015011253,2,END_READING,TIMESTAMP=1446042560817	USER=2015011253	JOBID=2	ACTION=END_READING	INFO: CURRENT_DOC=2
468,2015011253,2,TIME_ESTIMATION,TIMESTAMP=1446042572767	USER=2015011253	JOBID=2	ACTION=TIME_ESTIMATION	INFO: CURRENT_DOC=2 ET=125
469,2015011253,2,BEGIN_READING,TIMESTAMP=1446042574421	USER=2015011253	JOBID=2	ACTION=BEGIN_READING	INFO: CURRENT_DOC=3
470,2015011253,2,END_READING,TIMESTAMP=1446042678381	USER=2015011253	JOBID=2	ACTION=END_READING	INFO: CURRENT_DOC=3
471,2015011253,2,TIME_ESTIMATION,TIMESTAMP=1446042687268	USER=2015011253	JOBID=2	ACTION=TIME_ESTIMATION	INFO: CURRENT_DOC=3 ET=130
472,2015011253,2,BEGIN_READING,TIMESTAMP=1446042689151	USER=2015011253	JOBID=2	ACTION=BEGIN_READING	INFO: CURRENT_DOC=4
473,2015011253,2,END_READING,TIMESTAMP=1446042789664	USER=2015011253	JOBID=2	ACTION=END_READING	INFO: CURRENT_DOC=4
474,2015011253,2,TIME_ESTIMATION,TIMESTAMP=1446042796967	USER=2015011253	JOBID=2	ACTION=TIME_ESTIMATION	INFO: CURRENT_DOC=4 ET=153
475,2015011253,3,BEGIN_CALIBRATION,TIMESTAMP=1446042859634	USER=2015011253	JOBID=3	ACTION=BEGIN_CALIBRATION	INFO:
476,2015011253,3,END_CALIBRATION,TIMESTAMP=1446042976247	USER=2015011253	JOBID=3	ACTION=END_CALIBRATION	INFO:
477,2015011253,3,BEGIN_READING,TIMESTAMP=1446042980495	USER=2015011253	JOBID=3	ACTION=BEGIN_READING	INFO: CURRENT_DOC=1
478,2015011253,3,END_READING,TIMESTAMP=1446043070562	USER=2015011253	JOBID=3	ACTION=END_READING	INFO: CURRENT_DOC=1
479,2015011253,3,TIME_ESTIMATION,TIMESTAMP=1446043077132	USER=2015011253	JOBID=3	ACTION=TIME_ESTIMATION	INFO: CURRENT_DOC=1 ET=117
480,2015011253,3,BEGIN_READING,TIMESTAMP=1446043078749	USER=2015011253	JOBID=3	ACTION=BEGIN_READING	INFO: CURRENT_DOC=2
481,2015011253,3,END_READING,TIMESTAMP=1446043383342	USER=2015011253	JOBID=3	ACTION=END_READING	INFO: CURRENT_DOC=2
482,2015011253,3,TIME_ESTIMATION,TIMESTAMP=1446043390095	USER=2015011253	JOBID=3	ACTION=TIME_ESTIMATION	INFO: CURRENT_DOC=2 ET=222
483,2015011253,3,BEGIN_READING,TIMESTAMP=1446043392061	USER=2015011253	JOBID=3	ACTION=BEGIN_READING	INFO: CURRENT_DOC=3
484,2015011253,3,END_READING,TIMESTAMP=1446043591887	USER=2015011253	JOBID=3	ACTION=END_READING	INFO: CURRENT_DOC=3
485,2015011253,3,TIME_ESTIMATION,TIMESTAMP=1446043603975	USER=2015011253	JOBID=3	ACTION=TIME_ESTIMATION	INFO: CURRENT_DOC=3 ET=194
486,2015011253,3,BEGIN_READING,TIMESTAMP=1446043605793	USER=2015011253	JOBID=3	ACTION=BEGIN_READING	INFO: CURRENT_DOC=4
487,2015011253,3,END_READING,TIMESTAMP=1446043694408	USER=2015011253	JOBID=3	ACTION=END_READING	INFO: CURRENT_DOC=4
488,2015011253,3,TIME_ESTIMATION,TIMESTAMP=1446043699377	USER=2015011253	JOBID=3	ACTION=TIME_ESTIMATION	INFO: CURRENT_DOC=4 ET=122
489,2015011253,4,BEGIN_CALIBRATION,TIMESTAMP=1446043726477	USER=2015011253	JOBID=4	ACTION=BEGIN_CALIBRATION	INFO:
490,2015011253,4,END_CALIBRATION,TIMESTAMP=1446043913970	USER=2015011253	JOBID=4	ACTION=END_CALIBRATION	INFO:
491,2015011253,4,BEGIN_READING,TIMESTAMP=1446043917690	USER=2015011253	JOBID=4	ACTION=BEGIN_READING	INFO: CURRENT_DOC=1
492,2015011253,4,END_READING,TIMESTAMP=1446044034705	USER=2015011253	JOBID=4	ACTION=END_READING	INFO: CURRENT_DOC=1
493,2015011253,4,TIME_ESTIMATION,TIMESTAMP=1446044041575	USER=2015011253	JOBID=4	ACTION=TIME_ESTIMATION	INFO: CURRENT_DOC=1 ET=124
494,2015011253,4,BEGIN_READING,TIMESTAMP=1446044042846	USER=2015011253	JOBID=4	ACTION=BEGIN_READING	INFO: CURRENT_DOC=2
495,2015011253,4,END_READING,TIMESTAMP=1446044156123	USER=2015011253	JOBID=4	ACTION=END_READING	INFO: CURRENT_DOC=2
496,2015011253,4,TIME_ESTIMATION,TIMESTAMP=1446044159590	USER=2015011253	JOBID=4	ACTION=TIME_ESTIMATION	INFO: CURRENT_DOC=2 ET=123
497,2015011253,4,BEGIN_READING,TIMESTAMP=1446044161089	USER=2015011253	JOBID=4	ACTION=BEGIN_READING	INFO: CURRENT_DOC=3
498,2015011253,4,END_READING,TIMESTAMP=1446044314336	USER=2015011253	JOBID=4	ACTION=END_READING	INFO: CURRENT_DOC=3
499,2015011253,4,TIME_ESTIMATION,TIMESTAMP=1446044322340	USER=2015011253	JOBID=4	ACTION=TIME_ESTIMATION	INFO: CURRENT_DOC=3 ET=161
500,2015011253,4,BEGIN_READING,TIMESTAMP=1446044324023	USER=2015011253	JOBID=4	ACTION=BEGIN_READING	INFO: CURRENT_DOC=4
501,2015011253,4,END_READING,TIMESTAMP=1446044489518	USER=2015011253	JOBID=4	ACTION=END_READING	INFO: CURRENT_DOC=4
502,2015011253,4,TIME_ESTIMATION,TIMESTAMP=1446044494604	USER=2015011253	JOBID=4	ACTION=TIME_ESTIMATION	INFO: CURRENT_DOC=4 ET=180
